rotationRate_x,rotationRate_y,rotationRate_z,acceleration_x,acceleration_y,acceleration_z,relativeAltitude,altitude_pressure
-0.0524994,0.137537,0.173974,0.0006404,-0.100146,0.0727708,0.001,0.0001
-0.0283639,0.156285,0.194881,0.00318274,-0.095084,0.0649632,0.001,0.0001
-0.0321889,0.11202,0.268896,0.00467829,-0.110605,0.0230178,0.001,0.0001
-0.0925743,0.131228,0.330329,0.0182721,-0.12217,0.00607735,0.001,0.0001
-0.135984,0.176885,0.417481,0.00612731,-0.118207,-0.0676427,0.001,0.0001
-0.168046,0.205999,0.519111,-0.00216585,-0.107583,-0.130294,0.001,0.0001
-0.104524,0.257929,0.674321,-0.00525387,-0.0829793,-0.224293,0.001,0.0001
0.0604358,0.373019,0.962633,-0.00573102,-0.0646878,-0.297512,0.001,0.0001
0.189784,0.361789,1.19813,0.00948428,-0.0676939,-0.363515,0.001,0.0001
0.258707,0.474842,1.36053,0.0233396,-0.0973878,-0.366425,0.001,0.0001
0.278246,0.503541,1.32413,0.0507758,-0.139255,-0.348223,0.001,0.0001
0.265782,0.257908,0.932971,0.0683032,-0.153418,-0.352167,0.001,0.0001
0.197973,0.0913899,0.351414,0.057941,-0.139887,-0.315491,0.001,0.0001
0.0775405,0.165609,-0.171117,0.041804,-0.0848338,-0.262307,0.001,0.0001
-0.0246037,0.46354,-0.420392,0.0425104,-0.032208,-0.191815,0.001,0.0001
-0.0764448,0.807271,-0.450986,0.0641073,0.00837648,-0.126263,0.001,0.0001
-0.0901149,0.948174,-0.44197,0.101343,0.0347806,-0.0938803,0.001,0.0001
-0.0463665,0.748548,-0.435216,0.135671,0.0329588,-0.0909575,0.001,0.0001
0.000172135,0.414835,-0.451747,0.122951,0.0827934,-0.063884,0.001,0.0001
0.0553921,0.169555,-0.433544,0.0856149,0.125953,0.00391543,0.001,0.0001
0.0991639,0.149264,-0.372042,0.0402102,0.148624,0.0959374,0.001,0.0001
0.100389,0.328276,-0.287234,-0.0123852,0.158358,0.190392,0.001,0.0001
0.0905674,0.44175,-0.230487,-0.0507941,0.171909,0.261717,0.001,0.0001
0.076304,0.456203,-0.246218,-0.0707109,0.16942,0.314448,0.001,0.0001
0.038349,0.419056,-0.308148,-0.0732794,0.165765,0.353325,0.001,0.0001
0.0155064,0.347774,-0.340336,-0.0696567,0.156773,0.349611,0.001,0.0001
0.013205,0.237094,-0.296421,-0.0605142,0.162981,0.330652,0.001,0.0001
-0.0231411,0.119645,-0.199736,-0.0408337,0.158719,0.29843,0.001,0.0001
-0.0713824,0.108878,-0.0295883,-0.0288935,0.149407,0.265423,0.001,0.0001
-0.0936936,0.0456515,0.158382,-0.0100337,0.148693,0.225418,0.001,0.0001
-0.0584446,-0.15839,0.243104,0.00215489,0.127965,0.161514,0.001,0.0001
-0.0534948,-0.331292,0.176386,0.0119846,0.109676,0.137421,0.001,0.0001
-0.159115,-0.379259,0.0467137,0.0232139,0.0806694,0.134835,0.001,0.0001
-0.299336,-0.367539,-0.0411381,0.0338192,0.0354082,0.1267,0.001,0.0001
-0.475526,-0.196943,-0.05487,0.0443873,-0.00796795,0.138449,0.001,0.0001
-0.638897,-0.0313288,-0.0264807,0.0538391,-0.0454343,0.139812,0.001,0.0001
-0.746736,0.0276262,-0.00745188,0.0603116,-0.0815437,0.114721,0.001,0.0001
-0.800331,0.0381302,-0.00708474,0.0593566,-0.113957,0.0907936,0.001,0.0001
-0.794776,0.000198917,-0.0282682,0.0723287,-0.134554,0.0487586,0.001,0.0001
-0.737893,-0.0803187,-0.00212763,0.0847949,-0.151483,-0.0126273,0.001,0.0001
-0.579151,-0.124464,0.0586377,0.0930441,-0.165469,-0.0638084,0.001,0.0001
-0.429665,-0.173275,0.0800067,0.0875183,-0.174339,-0.130326,0.001,0.0001
-0.314782,-0.192198,0.0754004,0.0739758,-0.185864,-0.157425,0.001,0.0001
-0.276233,-0.193983,0.0634183,0.0441349,-0.168682,-0.149646,0.001,0.0001
-0.314941,-0.329264,0.0750513,0.0306164,-0.137467,-0.161563,0.001,0.0001
-0.290225,-0.672087,0.156811,0.0598666,-0.0921342,-0.235439,0.001,0.0001
-0.187213,-0.851334,0.254405,0.0698989,-0.0724525,-0.282372,0.001,0.0001
-0.103915,-0.824419,0.262494,0.0928359,-0.107169,-0.277736,0.001,0.0001
-0.164802,-0.810872,0.0940231,0.120137,-0.135131,-0.247451,0.001,0.0001
-0.446705,-0.871216,-0.113195,0.114169,-0.130426,-0.218075,0.001,0.0001
-0.956085,-0.851514,-0.223713,0.0835267,-0.0339616,-0.219712,0.001,0.0001
-0.956085,-0.851514,-0.223713,0.0835267,-0.0339616,-0.219712,0.0528412,-0.000640869
-1.18179,-0.623819,-0.193565,0.0552175,0.0713955,-0.287779,0.0528412,-0.000640869
-0.687563,-0.261298,0.0442272,0.0322807,0.11011,-0.370353,0.0528412,-0.000640869
0.091889,0.0552152,0.273933,0.0190065,0.14902,-0.360783,0.0528412,-0.000640869
0.545435,0.110917,0.408107,0.0178295,0.144695,-0.239891,0.0528412,-0.000640869
0.665615,-0.035635,0.41155,0.0290756,0.120746,-0.10629,0.0528412,-0.000640869
0.623097,-0.150197,0.370124,0.00820957,0.10272,0.00550866,0.0528412,-0.000640869
0.563832,-0.113612,0.257945,-0.0256457,0.107951,0.0943331,0.0528412,-0.000640869
0.591012,0.0586517,0.134745,-0.0550654,0.126983,0.161121,0.0528412,-0.000640869
0.644693,0.231375,0.0456546,-0.0674333,0.131921,0.215644,0.0528412,-0.000640869
0.655535,0.332752,0.013185,-0.0622713,0.132082,0.280203,0.0528412,-0.000640869
0.596565,0.32087,-0.00210985,-0.0513228,0.123435,0.322325,0.0528412,-0.000640869
0.472528,0.258155,-0.0462366,-0.0441429,0.114265,0.3556,0.0528412,-0.000640869
0.312073,0.209119,-0.0991381,-0.0339249,0.111533,0.362105,0.0528412,-0.000640869
0.200474,0.210811,-0.122977,-0.0375062,0.10566,0.355412,0.0528412,-0.000640869
0.110948,0.235772,-0.153446,-0.0358002,0.0999521,0.329513,0.0528412,-0.000640869
0.0415088,0.233864,-0.153979,-0.0367557,0.081932,0.298279,0.0528412,-0.000640869
-0.0466981,0.183262,-0.146795,-0.0394158,0.0535485,0.263183,0.0528412,-0.000640869
-0.181833,0.114489,-0.15228,-0.0303844,0.0164786,0.23284,0.0528412,-0.000640869
-0.366036,0.0508324,-0.135957,-0.0299885,-0.00861752,0.208256,0.0528412,-0.000640869
-0.548825,0.0448681,-0.08914,-0.032359,-0.0220651,0.185044,0.0528412,-0.000640869
-0.64074,0.091656,-0.0647266,-0.0285559,-0.0329451,0.146835,0.0528412,-0.000640869
-0.611306,0.101951,-0.0162325,-0.0233252,-0.0516866,0.0991011,0.0528412,-0.000640869
-0.541464,0.0452195,0.0570013,-0.0237216,-0.0715228,0.0692176,0.0528412,-0.000640869
-0.521225,-0.0187638,0.0781628,-0.0218521,-0.0962929,0.0591297,0.0528412,-0.000640869
-0.514993,-0.0250404,-0.017495,-0.0331221,-0.119148,0.0485332,0.0528412,-0.000640869
-0.475276,0.0124498,-0.176856,-0.056393,-0.12552,0.031585,0.0528412,-0.000640869
-0.400799,0.113476,-0.339748,-0.0524824,-0.123928,0.0148017,0.0528412,-0.000640869
-0.280684,0.165592,-0.408695,-0.0367086,-0.139533,-0.0237241,0.0528412,-0.000640869
-0.179278,0.199879,-0.395674,-0.0418478,-0.134121,-0.0430585,0.0528412,-0.000640869
-0.184014,0.129261,-0.375238,-0.0355002,-0.132668,-0.0756669,0.0528412,-0.000640869
-0.271613,0.0500924,-0.322188,-0.0140671,-0.127519,-0.137599,0.0528412,-0.000640869
-0.309336,0.07367,-0.211241,0.0130006,-0.106054,-0.2311,0.0528412,-0.000640869
-0.191234,0.172093,-0.031999,0.055928,-0.0854795,-0.33094,0.0528412,-0.000640869
-0.00979859,0.191233,0.2445,0.0906735,-0.0950247,-0.416705,0.0528412,-0.000640869
0.0922117,0.0353409,0.497937,0.109967,-0.116323,-0.462275,0.0528412,-0.000640869
-0.0110594,-0.354419,0.460736,0.0747067,-0.0982907,-0.501723,0.0528412,-0.000640869
-0.132406,-0.430876,0.196383,0.0135209,-0.012495,-0.504378,0.0528412,-0.000640869
-0.0684676,-0.00968809,0.0627953,-0.0116881,0.027121,-0.428957,0.0528412,-0.000640869
0.114552,0.537584,0.159783,-0.00501902,0.0639449,-0.315389,0.0528412,-0.000640869
0.28057,0.7539,0.35714,0.0433924,0.0567054,-0.185057,0.0528412,-0.000640869
0.355858,0.381216,0.459971,0.0927358,0.0266856,-0.0881497,0.0528412,-0.000640869
0.343408,-0.300951,0.361685,0.103626,0.0195321,-0.0432009,0.0528412,-0.000640869
0.303138,-0.69456,0.153029,0.0871288,0.0500343,-0.00452626,0.0528412,-0.000640869
0.297832,-0.66684,-0.00643674,0.0326174,0.096298,0.048447,0.0528412,-0.000640869
0.320008,-0.472853,-0.0969753,-0.0061309,0.117734,0.0940791,0.0528412,-0.000640869
0.233846,-0.211594,-0.202792,-0.0322461,0.119054,0.17184,0.0528412,-0.000640869
0.0135908,0.00425561,-0.33561,-0.0456958,0.117867,0.259185,0.0528412,-0.000640869
-0.170581,0.15991,-0.435889,-0.0248124,0.123232,0.303063,0.0528412,-0.000640869
-0.198871,0.27137,-0.385392,-0.000706725,0.123483,0.333471,0.0528412,-0.000640869
-0.113608,0.25928,-0.245165,0.00705191,0.130437,0.328197,0.0528412,-0.000640869
-0.113608,0.25928,-0.245165,0.00705191,0.130437,0.328197,0.0554962,-0.000648499
0.0285695,0.251478,-0.0654602,0.0113624,0.129372,0.338435,0.0554962,-0.000648499
0.174678,0.224894,0.0485193,0.0104704,0.113327,0.323303,0.0554962,-0.000648499
0.275182,0.233585,0.122155,0.0188892,0.0951787,0.306645,0.0554962,-0.000648499
0.258537,0.170902,0.166304,0.0296334,0.0701448,0.271984,0.0554962,-0.000648499
0.177726,0.0813584,0.183219,0.0429027,0.0328351,0.226446,0.0554962,-0.000648499
0.0688474,0.0971098,0.154819,0.0535565,0.0107647,0.184199,0.0554962,-0.000648499
-0.0490938,0.121694,0.0908213,0.0469778,-0.00839558,0.137845,0.0554962,-0.000648499
-0.187463,0.107042,0.0272213,0.0544983,-0.0375184,0.0916858,0.0554962,-0.000648499
-0.33356,0.124762,0.0279563,0.051855,-0.0496408,0.0607581,0.0554962,-0.000648499
-0.424675,0.204737,0.096517,0.0503772,-0.0647453,0.039215,0.0554962,-0.000648499
-0.41707,0.286151,0.19076,0.0479831,-0.0806359,0.0248028,0.0554962,-0.000648499
-0.398923,0.312422,0.260291,0.0518924,-0.0999713,0.0182573,0.0554962,-0.000648499
-0.344045,0.351512,0.324464,0.0549804,-0.117324,0.0119753,0.0554962,-0.000648499
-0.330674,0.331354,0.394869,0.0587477,-0.13784,0.0193529,0.0554962,-0.000648499
-0.278857,0.3777,0.4687,0.0586094,-0.125144,-0.00605893,0.0554962,-0.000648499
-0.131765,0.398828,0.553631,0.0581319,-0.142351,-0.0217626,0.0554962,-0.000648499
-0.0239362,0.37898,0.578979,0.0480739,-0.123828,-0.035124,0.0554962,-0.000648499
0.0835142,0.309943,0.566306,0.0631021,-0.143428,-0.0481256,0.0554962,-0.000648499
0.136792,0.210186,0.529958,0.0639046,-0.143278,-0.0690113,0.0554962,-0.000648499
0.216517,0.190637,0.480303,0.0688408,-0.131538,-0.108888,0.0554962,-0.000648499
0.249679,0.0611283,0.43482,0.0901853,-0.133539,-0.165928,0.0554962,-0.000648499
0.292713,0.072028,0.454907,0.117409,-0.121851,-0.233951,0.0554962,-0.000648499
0.432886,0.189443,0.491047,0.110283,-0.131459,-0.267294,0.0554962,-0.000648499
0.385,0.228731,0.398183,0.079487,-0.136176,-0.223047,0.0554962,-0.000648499
-0.195309,-0.0192717,0.0315122,0.0167918,-0.0986743,-0.192441,0.0554962,-0.000648499
-0.828051,-0.378319,-0.579999,-0.0851514,0.0118073,-0.273291,0.0554962,-0.000648499
-0.716666,-0.381829,-1.1616,-0.108439,0.0930533,-0.354004,0.0554962,-0.000648499
-0.00862598,-0.269628,-1.26764,-0.0782243,0.150501,-0.399617,0.0554962,-0.000648499
0.57496,-0.261735,-0.918631,-0.072375,0.179534,-0.328598,0.0554962,-0.000648499
0.65239,-0.374277,-0.409378,-0.0262203,0.113593,-0.189961,0.0554962,-0.000648499
0.316056,-0.333873,-0.0808409,-0.0549266,0.0647066,-0.0628459,0.0554962,-0.000648499
-0.0672266,-0.0429616,-0.0976578,-0.0948052,0.0538421,-0.000494242,0.0554962,-0.000648499
-0.167664,0.155581,-0.26671,-0.107387,0.0614974,0.0172893,0.0554962,-0.000648499
-0.0125275,0.0921313,-0.39381,-0.085149,0.0736243,0.0306588,0.0554962,-0.000648499
0.29843,-0.212582,-0.444359,-0.0302407,0.0842836,0.0652164,0.0554962,-0.000648499
0.585608,-0.542771,-0.419127,0.00206843,0.0947117,0.128509,0.0554962,-0.000648499
0.65826,-0.678756,-0.297204,0.0221087,0.099346,0.223493,0.0554962,-0.000648499
0.591501,-0.684898,-0.172588,0.040118,0.0985454,0.286286,0.0554962,-0.000648499
0.494589,-0.524409,-0.0989053,0.0229557,0.112709,0.325699,0.0554962,-0.000648499
0.371987,-0.273132,-0.124274,0.00141403,0.114367,0.32488,0.0554962,-0.000648499
0.274461,0.00273747,-0.172096,0.000533596,0.118089,0.313603,0.0554962,-0.000648499
0.230463,0.224528,-0.116428,-0.00168599,0.110579,0.275828,0.0554962,-0.000648499
0.142633,0.30657,-0.0223004,-0.0189005,0.111703,0.248994,0.0554962,-0.000648499
0.0154872,0.222296,0.0690646,-0.0434613,0.116264,0.19567,0.0554962,-0.000648499
-0.00804351,-0.056071,0.0976147,-0.0934179,0.122027,0.146151,0.0554962,-0.000648499
0.049871,-0.182553,-0.00536688,-0.148468,0.126088,0.0831289,0.0554962,-0.000648499
0.0152481,0.0198617,-0.116298,-0.125521,0.0778654,0.126309,0.0554962,-0.000648499
-0.189859,0.17025,-0.0445144,-0.118278,0.00846815,0.124357,0.0554962,-0.000648499
-0.510908,0.232591,-0.0245598,-0.114841,-0.00940225,0.114776,0.0554962,-0.000648499
-0.576303,0.196668,-0.0420386,-0.0860623,-0.0628754,0.0951049,0.0554962,-0.000648499
-0.576303,0.196668,-0.0420386,-0.0860623,-0.0628754,0.0951049,0.140045,-0.00165558
-0.472802,-0.1586,-0.0303181,-0.0649678,-0.100099,0.0100837,0.140045,-0.00165558
-0.409631,-0.110264,-0.112463,-0.0626761,-0.110163,0.0465037,0.140045,-0.00165558
-0.227384,-0.193936,-0.262381,-0.0449763,-0.125369,0.0113603,0.140045,-0.00165558
-0.23541,-0.156627,-0.359597,-0.0119186,-0.151484,0.000114977,0.140045,-0.00165558
-0.307942,0.00104559,-0.405331,0.00975433,-0.142849,0.0215103,0.140045,-0.00165558
-0.281105,0.0410649,-0.369695,0.0415147,-0.12669,-0.0375813,0.140045,-0.00165558
-0.201362,0.153946,-0.265097,0.0553967,-0.114805,-0.0469145,0.140045,-0.00165558
-0.0611137,0.0505512,-0.178848,0.0775102,-0.103256,-0.0793977,0.140045,-0.00165558
0.0732445,-0.0849391,-0.0242132,0.0893209,-0.101848,-0.111272,0.140045,-0.00165558
0.163325,-0.225866,0.147312,0.0856332,-0.0992245,-0.13453,0.140045,-0.00165558
0.183588,-0.317839,0.278978,0.068203,-0.0822621,-0.182925,0.140045,-0.00165558
0.240037,-0.216418,0.400348,0.0426836,-0.0699264,-0.230649,0.140045,-0.00165558
0.417971,0.0133816,0.456841,0.00596648,-0.0697889,-0.262412,0.140045,-0.00165558
0.588715,0.0133949,0.441862,-0.0138302,-0.082476,-0.275266,0.140045,-0.00165558
0.60753,-0.30954,0.38856,-0.0517053,-0.0998989,-0.275728,0.140045,-0.00165558
0.43312,-0.626673,0.230138,-0.107842,-0.113799,-0.229218,0.140045,-0.00165558
-0.077685,-0.832071,-0.0933425,-0.149677,-0.1346,-0.204288,0.140045,-0.00165558
-0.607107,-0.617419,-0.519197,-0.153997,-0.108301,-0.173142,0.140045,-0.00165558
-0.620469,-0.361187,-0.835788,-0.171485,-0.0344915,-0.245521,0.140045,-0.00165558
-0.138566,-0.208671,-0.977278,-0.124733,0.0418793,-0.281563,0.140045,-0.00165558
0.276043,-0.152346,-0.93119,-0.033109,0.0439438,-0.231369,0.140045,-0.00165558
0.360066,-0.182934,-0.823614,0.0513351,0.0398962,-0.12073,0.140045,-0.00165558
0.122154,-0.176263,-0.721353,0.0964204,0.0414114,-0.0254343,0.140045,-0.00165558
-0.0753937,-0.0989946,-0.667296,0.110568,0.0690954,0.0281785,0.140045,-0.00165558
-0.0375123,-0.0175651,-0.649815,0.111587,0.101384,0.0284214,0.140045,-0.00165558
0.190845,-0.0482765,-0.658753,0.114228,0.136395,0.023567,0.140045,-0.00165558
0.485218,-0.0352577,-0.591436,0.11009,0.155703,0.0515139,0.140045,-0.00165558
0.621678,0.0119038,-0.454565,0.11312,0.164254,0.11543,0.140045,-0.00165558
0.68909,-0.0656965,-0.283267,0.11102,0.162729,0.173719,0.140045,-0.00165558
0.730627,-0.109756,-0.127604,0.0854835,0.154163,0.233829,0.140045,-0.00165558
0.714824,-0.0598332,-0.0297487,0.0696404,0.14778,0.299162,0.140045,-0.00165558
0.634169,-0.0755099,0.00406515,0.0545137,0.136164,0.330033,0.140045,-0.00165558
0.516507,-0.105158,-0.0309229,0.0398913,0.120839,0.349749,0.140045,-0.00165558
0.329451,-0.0966735,-0.0696425,0.0516577,0.0866597,0.356386,0.140045,-0.00165558
0.0644619,-0.0741879,-0.0590923,0.0735439,0.0548871,0.334257,0.140045,-0.00165558
-0.255752,0.0208468,-0.0322163,0.0808492,0.0297933,0.301259,0.140045,-0.00165558
-0.551522,0.107838,-0.0301275,0.0945291,0.00972956,0.252887,0.140045,-0.00165558
-0.701564,0.210734,-0.0488322,0.0955768,0.0173399,0.174128,0.140045,-0.00165558
-0.734961,0.267665,-0.0576227,0.108275,0.0117555,0.106975,0.140045,-0.00165558
-0.70812,0.233985,-0.0497162,0.114788,0.0131767,0.0541058,0.140045,-0.00165558
-0.668565,0.26655,0.0350395,0.127514,-0.000188738,0.0331215,0.140045,-0.00165558
-0.666408,0.403503,0.168994,0.13599,-0.0173445,0.0444605,0.140045,-0.00165558
-0.642424,0.485875,0.31539,0.139928,-0.0363258,0.0434443,0.140045,-0.00165558
-0.597066,0.524712,0.439974,0.142822,-0.0729706,0.0422392,0.140045,-0.00165558
-0.559759,0.481533,0.524795,0.146567,-0.0999726,0.0397068,0.140045,-0.00165558
-0.463596,0.386992,0.621275,0.144475,-0.102759,-0.00176942,0.140045,-0.00165558
-0.366622,0.377097,0.739441,0.138361,-0.118574,-0.0188642,0.140045,-0.00165558
-0.324856,0.360464,0.819244,0.13278,-0.130969,-0.0342003,0.140045,-0.00165558
-0.281211,0.290019,0.860975,0.123412,-0.133878,-0.0674496,0.140045,-0.00165558
-0.175665,0.256623,0.889687,0.100288,-0.138413,-0.118504,0.140045,-0.00165558
-0.175665,0.256623,0.889687,0.100288,-0.138413,-0.118504,0.0343475,-0.000396729
-0.0468494,0.229081,0.889907,0.0754672,-0.128119,-0.162188,0.0343475,-0.000396729
0.0908304,0.205032,0.889766,0.0414707,-0.110449,-0.208745,0.0343475,-0.000396729
0.209831,0.247437,0.89534,0.011668,-0.104475,-0.223157,0.0343475,-0.000396729
0.280381,0.260741,0.874812,-0.0270808,-0.0941885,-0.244499,0.0343475,-0.000396729
0.325992,0.242901,0.823431,-0.0588983,-0.0772494,-0.245823,0.0343475,-0.000396729
0.338891,0.153739,0.704611,-0.0758685,-0.0595465,-0.248246,0.0343475,-0.000396729
0.188623,-0.126071,0.524314,-0.0888819,-0.0428623,-0.248518,0.0343475,-0.000396729
-0.128802,-0.389275,0.290386,-0.116621,0.0117593,-0.258022,0.0343475,-0.000396729
-0.351282,-0.291613,0.0774035,-0.127889,0.0376956,-0.244974,0.0343475,-0.000396729
-0.408465,0.0244024,-0.0416005,-0.121384,0.0568995,-0.220855,0.0343475,-0.000396729
-0.329712,0.256189,-0.0333494,-0.102969,0.0726373,-0.181594,0.0343475,-0.000396729
-0.20725,0.407024,0.0310874,-0.0857539,0.0943952,-0.108233,0.0343475,-0.000396729
-0.0226024,0.397322,0.0843104,-0.0830287,0.0816863,-0.0328531,0.0343475,-0.000396729
0.101287,0.219227,0.0546491,-0.07649,0.0711114,0.01856,0.0343475,-0.000396729
0.118934,-0.0421725,-0.0444495,-0.0929649,0.0978826,0.044382,0.0343475,-0.000396729
0.0792055,-0.0789335,-0.132482,-0.112731,0.112648,0.0689065,0.0343475,-0.000396729
0.048794,0.0589667,-0.206154,-0.13225,0.136053,0.0854371,0.0343475,-0.000396729
0.064791,0.19026,-0.273256,-0.132491,0.149218,0.0789685,0.0343475,-0.000396729
0.0849152,0.189737,-0.317683,-0.123466,0.143173,0.084821,0.0343475,-0.000396729
0.0884071,0.0719109,-0.348044,-0.11912,0.133455,0.0912532,0.0343475,-0.000396729
0.0473217,0.0649339,-0.376205,-0.118531,0.112774,0.12301,0.0343475,-0.000396729
0.0452086,0.169517,-0.391811,-0.125344,0.0937381,0.169857,0.0343475,-0.000396729
0.0422265,0.264983,-0.40067,-0.120312,0.0683601,0.198032,0.0343475,-0.000396729
0.0158473,0.224198,-0.44596,-0.102644,0.033993,0.228368,0.0343475,-0.000396729
-0.0827847,0.0523783,-0.503399,-0.0646523,0.00362548,0.248287,0.0343475,-0.000396729
-0.268441,-0.200621,-0.531364,-0.0181779,-0.0239109,0.258776,0.0343475,-0.000396729
-0.423025,-0.502866,-0.469186,0.0226623,-0.0315312,0.249411,0.0343475,-0.000396729
-0.499536,-0.790361,-0.334109,0.0380823,-0.022903,0.23263,0.0343475,-0.000396729
-0.466085,-0.800834,-0.162795,0.029488,-0.00773355,0.201429,0.0343475,-0.000396729
-0.266964,-0.568949,-0.006123,0.00617349,-0.00931783,0.135399,0.0343475,-0.000396729
-0.0687268,-0.32882,-0.0171922,-0.0267427,-0.0159751,0.0805012,0.0343475,-0.000396729
-0.0894044,-0.364271,-0.180881,-0.0480163,-0.0072566,0.0406269,0.0343475,-0.000396729
-0.208053,-0.427572,-0.280134,-0.0555633,-0.0292802,0.0298992,0.0343475,-0.000396729
-0.323811,-0.259983,-0.267251,-0.0586666,-0.0520876,0.0566768,0.0343475,-0.000396729
-0.31426,-0.0487311,-0.228193,-0.0604992,-0.0760215,0.0569647,0.0343475,-0.000396729
-0.237507,0.0379616,-0.222052,-0.0583505,-0.0937761,0.0570648,0.0343475,-0.000396729
-0.114025,-0.0566807,-0.204773,-0.0330361,-0.10784,0.0508348,0.0343475,-0.000396729
-0.0185028,-0.231633,-0.1226,-0.0271718,-0.119907,0.0461557,0.0343475,-0.000396729
0.00233844,-0.29838,-0.0485274,-0.0105649,-0.123141,0.0354512,0.0343475,-0.000396729
-0.000499446,-0.328787,0.036737,-0.00236866,-0.132133,-0.00433797,0.0343475,-0.000396729
0.00858877,-0.276399,0.101764,0.00703132,-0.119321,-0.0808775,0.0343475,-0.000396729
0.0667415,-0.223329,0.164866,0.0316099,-0.124589,-0.17938,0.0343475,-0.000396729
0.120451,-0.106049,0.232075,0.0325752,-0.0966907,-0.24306,0.0343475,-0.000396729
0.0680072,-0.0365036,0.337445,0.0696621,-0.119754,-0.292405,0.0343475,-0.000396729
0.00663412,-0.306471,0.455027,0.0979186,-0.136571,-0.354195,0.0343475,-0.000396729
0.012549,-0.939537,0.47186,0.101787,-0.129764,-0.455234,0.0343475,-0.000396729
0.00860973,-1.50567,0.316766,0.109459,-0.103157,-0.533517,0.0343475,-0.000396729
-0.106835,-1.21776,0.336946,0.0278796,-0.0750145,-0.485197,0.0343475,-0.000396729
-0.139374,-0.481766,0.366384,-0.0562971,0.0251536,-0.384503,0.0343475,-0.000396729
0.00279882,0.0304961,0.429691,-0.0329655,0.0174907,-0.319829,0.0343475,-0.000396729
0.00279882,0.0304961,0.429691,-0.0329655,0.0174907,-0.319829,0.140045,-0.00167084
0.133527,0.196174,0.442918,0.00207519,0.0130988,-0.197835,0.140045,-0.00167084
0.233778,-0.0878926,0.357369,0.0576783,-0.00864597,-0.105712,0.140045,-0.00167084
0.282552,-0.561261,0.122302,0.078521,0.0143661,-0.051787,0.140045,-0.00167084
0.319733,-0.820974,-0.134843,0.0913998,0.046713,0.013639,0.140045,-0.00167084
0.301165,-0.681321,-0.221663,0.0822959,0.0806469,0.0962756,0.140045,-0.00167084
0.218351,-0.290209,-0.190653,0.087945,0.0995628,0.181635,0.140045,-0.00167084
0.11072,0.00709396,-0.122306,0.0940369,0.105636,0.241553,0.140045,-0.00167084
0.00255223,0.0133412,-0.104573,0.0941013,0.114809,0.265004,0.140045,-0.00167084
-0.0867336,-0.116412,-0.156452,0.0904102,0.116631,0.287866,0.140045,-0.00167084
-0.154999,-0.223706,-0.2487,0.0914984,0.100764,0.30829,0.140045,-0.00167084
-0.159209,-0.163095,-0.335953,0.0780087,0.0951385,0.319084,0.140045,-0.00167084
-0.10374,0.0595443,-0.352733,0.0647175,0.0916926,0.321752,0.140045,-0.00167084
0.0206902,0.279347,-0.285422,0.0611542,0.0851389,0.311194,0.140045,-0.00167084
0.085599,0.264906,-0.182427,0.0636085,0.0606254,0.290806,0.140045,-0.00167084
0.0565234,0.0826484,-0.116898,0.0778324,0.0276338,0.279247,0.140045,-0.00167084
-0.043607,-0.136426,-0.0991027,0.0836761,0.000485733,0.250462,0.140045,-0.00167084
-0.140329,-0.242221,-0.10412,0.0753257,-0.0145005,0.210925,0.140045,-0.00167084
-0.250335,-0.136742,-0.137084,0.0598265,-0.021517,0.187401,0.140045,-0.00167084
-0.386489,0.0676847,-0.127088,0.0647343,-0.0320195,0.150133,0.140045,-0.00167084
-0.467353,0.184502,-0.0435898,0.0651985,-0.0530477,0.0977455,0.140045,-0.00167084
-0.551098,0.2496,0.0577833,0.0700868,-0.0557036,0.0482784,0.140045,-0.00167084
-0.553524,0.385379,0.17053,0.0864467,-0.0745163,-0.00397331,0.140045,-0.00167084
-0.49316,0.49546,0.298206,0.0845917,-0.0843556,-0.0375361,0.140045,-0.00167084
-0.364124,0.597513,0.433456,0.114529,-0.0968483,-0.0674292,0.140045,-0.00167084
-0.14327,0.569264,0.61298,0.125944,-0.109777,-0.091059,0.140045,-0.00167084
0.0468769,0.425281,0.781459,0.126873,-0.109432,-0.107001,0.140045,-0.00167084
0.236112,0.338855,0.888754,0.180828,-0.121669,-0.136624,0.140045,-0.00167084
0.394535,0.194686,1.0335,0.197061,-0.114418,-0.208517,0.140045,-0.00167084
0.339224,0.374086,1.2491,0.209375,-0.112145,-0.23312,0.140045,-0.00167084
-0.0173913,0.685224,1.54079,0.195736,-0.14533,-0.239273,0.140045,-0.00167084
-0.434258,0.810069,1.72184,0.176067,-0.195825,-0.274333,0.140045,-0.00167084
-0.546325,0.569357,1.53174,0.208118,-0.182798,-0.34693,0.140045,-0.00167084
-0.428175,-0.0106983,1.12433,0.214705,-0.177397,-0.446855,0.140045,-0.00167084
-0.314435,-0.411918,0.706148,0.155005,-0.0634548,-0.49024,0.140045,-0.00167084
-0.0923614,-0.153177,0.590965,0.0803867,0.00800931,-0.420942,0.140045,-0.00167084
0.222091,0.411808,0.830514,0.0109076,0.0745323,-0.308194,0.140045,-0.00167084
0.435613,0.912701,1.3122,-0.0628147,0.065451,-0.180194,0.140045,-0.00167084
0.539702,1.0498,1.57524,-0.0943371,0.0824387,-0.103612,0.140045,-0.00167084
0.653846,0.745284,1.28765,-0.0610072,0.129414,-0.0880749,0.140045,-0.00167084
0.76387,0.481024,0.819428,-0.0975051,0.142478,-0.0534824,0.140045,-0.00167084
0.801743,0.313723,0.384679,-0.15552,0.183457,0.00847429,0.140045,-0.00167084
0.736888,0.400947,0.0940976,-0.163226,0.203356,0.0875453,0.140045,-0.00167084
0.58421,0.754121,-0.0175122,-0.14958,0.188724,0.183693,0.140045,-0.00167084
0.418921,1.04064,-0.0391858,-0.138124,0.172353,0.24151,0.140045,-0.00167084
0.286012,1.09022,-0.0769045,-0.129474,0.163747,0.266093,0.140045,-0.00167084
0.207658,0.937175,-0.16025,-0.12347,0.14319,0.285126,0.140045,-0.00167084
0.200604,0.696347,-0.238135,-0.111494,0.135864,0.286752,0.140045,-0.00167084
0.286099,0.403449,-0.233176,-0.113431,0.14354,0.283316,0.140045,-0.00167084
0.414079,0.1165,-0.178958,-0.126298,0.157183,0.262838,0.140045,-0.00167084
0.476118,0.0710395,-0.104279,-0.125749,0.161138,0.267474,0.140045,-0.00167084
0.434507,0.16783,-0.0213213,-0.128048,0.14207,0.287193,0.140045,-0.00167084
0.298299,0.203192,0.0276998,-0.124431,0.132573,0.272805,0.140045,-0.00167084
0.0878591,0.113255,0.0465087,-0.120839,0.0891464,0.261321,0.140045,-0.00167084
-0.187212,-0.112167,-0.0874722,-0.112721,0.0775963,0.208754,0.140045,-0.00167084
-0.371278,-0.282403,-0.251122,-0.100751,0.0562389,0.1582,0.140045,-0.00167084
-0.465942,-0.370837,-0.333393,-0.102361,0.0548567,0.100821,0.140045,-0.00167084
-0.548913,-0.230274,-0.274562,-0.105268,0.0543704,0.0952002,0.140045,-0.00167084
-0.595256,-0.00339397,-0.103491,-0.0908568,0.0268426,0.0784049,0.140045,-0.00167084
-0.610473,0.152904,0.117869,-0.0900705,-0.00966683,0.0883158,0.140045,-0.00167084
-0.574666,-0.0604438,0.220974,-0.0710517,-0.045657,0.0610172,0.140045,-0.00167084
-0.527386,-0.381311,0.236428,-0.0604029,-0.0823129,0.0429952,0.140045,-0.00167084
-0.527386,-0.381311,0.236428,-0.0604029,-0.0823129,0.0429952,0.166458,-0.00196075
-0.464539,-0.573918,0.201013,-0.0590817,-0.11077,0.0334401,0.166458,-0.00196075
-0.421644,-0.714342,0.173072,-0.042486,-0.127755,-0.00635165,0.166458,-0.00196075
-0.489439,-0.67958,0.133063,-0.0129707,-0.149861,-0.027908,0.166458,-0.00196075
-0.58253,-0.531303,0.024943,0.00843203,-0.141089,-0.082335,0.166458,-0.00196075
-0.643803,-0.262998,-0.115201,0.0510806,-0.149338,-0.136348,0.166458,-0.00196075
-0.746804,-0.18334,-0.449832,0.0639081,-0.157219,-0.182015,0.166458,-0.00196075
-0.698406,-0.484774,-0.718074,0.131939,-0.177232,-0.281502,0.166458,-0.00196075
-0.572212,-0.877175,-0.566137,0.201067,-0.190783,-0.364209,0.166458,-0.00196075
-0.683042,-0.877828,-0.0302028,0.210667,-0.13957,-0.386904,0.166458,-0.00196075
-0.902761,-0.685316,0.510624,0.175783,-0.0283745,-0.447161,0.166458,-0.00196075
-0.737099,-0.538617,0.809775,0.116047,0.0705467,-0.542584,0.166458,-0.00196075
-0.156962,-0.249558,0.88475,0.0705437,0.137596,-0.563449,0.166458,-0.00196075
0.391003,0.0552995,0.952029,0.0644677,0.127083,-0.434491,0.166458,-0.00196075
0.56426,0.155772,1.08265,0.0871053,0.04569,-0.251465,0.166458,-0.00196075
0.378094,0.13524,1.15645,0.0845111,-0.0247933,-0.0901917,0.166458,-0.00196075
0.148532,0.0362082,1.00223,0.0699503,-0.0599661,-0.0206633,0.166458,-0.00196075
0.115691,-0.143113,0.683606,0.0412665,-0.0389492,-0.0188286,0.166458,-0.00196075
0.289989,-0.193305,0.412744,0.00582976,0.000319764,-0.00842398,0.166458,-0.00196075
0.46802,-0.0264119,0.288518,0.0107982,0.0190841,0.0342202,0.166458,-0.00196075
0.54877,0.242366,0.262129,0.0175905,0.0219039,0.11702,0.166458,-0.00196075
0.534361,0.399085,0.268855,0.031074,0.0189196,0.184124,0.166458,-0.00196075
0.458367,0.373393,0.257167,0.046115,0.00702272,0.238945,0.166458,-0.00196075
0.391637,0.231291,0.177208,0.0544902,0.0130376,0.26004,0.166458,-0.00196075
0.37982,0.00763659,0.0548552,0.0579897,0.0067988,0.275801,0.166458,-0.00196075
0.355064,-0.250948,-0.0973777,0.0646647,0.0142041,0.293555,0.166458,-0.00196075
0.312107,-0.44198,-0.247628,0.0754408,0.0292319,0.303885,0.166458,-0.00196075
0.338511,-0.530568,-0.349711,0.079169,0.0518103,0.272036,0.166458,-0.00196075
0.415095,-0.433949,-0.339808,0.0963658,0.0709824,0.237864,0.166458,-0.00196075
0.482036,-0.14391,-0.194765,0.118267,0.0554249,0.230899,0.166458,-0.00196075
0.45969,0.146174,-0.0181686,0.136823,0.0566166,0.227753,0.166458,-0.00196075
0.371254,0.252047,0.173166,0.146211,0.0591402,0.220886,0.166458,-0.00196075
0.286427,0.177435,0.360619,0.156305,0.0304536,0.204895,0.166458,-0.00196075
0.211609,0.136559,0.52315,0.148086,0.0035983,0.207887,0.166458,-0.00196075
0.142003,-0.0130407,0.675729,0.131538,-0.0291021,0.180749,0.166458,-0.00196075
0.0257181,0.0183991,0.816402,0.0967129,-0.0656109,0.17487,0.166458,-0.00196075
-0.11999,0.0626094,0.889221,0.0596231,-0.092321,0.154611,0.166458,-0.00196075
-0.214829,0.254423,0.87875,0.0090959,-0.112951,0.1273,0.166458,-0.00196075
-0.249415,0.431711,0.816085,-0.0167286,-0.139794,0.110444,0.166458,-0.00196075
-0.226212,0.436742,0.781124,-0.0377824,-0.153078,0.069968,0.166458,-0.00196075
-0.207847,0.480985,0.779856,-0.0545994,-0.171714,0.061044,0.166458,-0.00196075
-0.160828,0.371947,0.694095,-0.0493957,-0.180469,0.0449864,0.166458,-0.00196075
-0.0192717,-0.00720405,0.569454,-0.015326,-0.188366,0.00645804,0.166458,-0.00196075
0.11326,-0.286814,0.521677,0.0128535,-0.190784,-0.0059911,0.166458,-0.00196075
0.153092,-0.252126,0.547462,0.0405416,-0.191868,0.00917792,0.166458,-0.00196075
0.112219,-0.0101168,0.626344,0.0618613,-0.196763,0.0158483,0.166458,-0.00196075
-0.0442939,0.220371,0.707005,0.0849926,-0.196588,0.0143013,0.166458,-0.00196075
-0.183957,0.269883,0.759532,0.0973531,-0.179882,-0.0121111,0.166458,-0.00196075
-0.167895,0.22616,0.809932,0.0988653,-0.150305,-0.0630687,0.166458,-0.00196075
-0.0498156,0.169013,0.920248,0.125703,-0.167237,-0.10729,0.166458,-0.00196075
-0.0498156,0.169013,0.920248,0.125703,-0.167237,-0.10729,0.100418,-0.00119019
-0.113729,0.0441621,1.02042,0.132545,-0.150107,-0.139522,0.100418,-0.00119019
-0.386052,-0.0443087,1.10036,0.123362,-0.132374,-0.196598,0.100418,-0.00119019
-0.521063,0.119756,1.07951,0.0738545,-0.0378179,-0.216801,0.100418,-0.00119019
-0.37782,0.325022,1.02404,0.00802013,0.072863,-0.238879,0.100418,-0.00119019
-0.127388,0.439983,1.00061,-0.0159414,0.174501,-0.184494,0.100418,-0.00119019
0.142518,0.363437,1.10809,0.0284008,0.204323,-0.0925643,0.100418,-0.00119019
0.330299,0.008776,1.35381,0.0491186,0.200376,-0.027647,0.100418,-0.00119019
0.400798,-0.258853,1.64233,0.0625284,0.173157,0.0472561,0.100418,-0.00119019
0.433938,-0.445714,1.80307,0.0652576,0.102885,0.0831178,0.100418,-0.00119019
0.538323,-0.666346,1.63983,0.0104358,0.0803146,0.0629688,0.100418,-0.00119019
0.570792,-0.523397,1.15476,-0.0336623,0.0404404,0.0792633,0.100418,-0.00119019
0.416802,-0.0235857,0.486183,-0.0563614,0.0171179,0.101611,0.100418,-0.00119019
0.124249,0.613886,-0.0833366,-0.0545323,-0.0143731,0.155678,0.100418,-0.00119019
-0.190968,1.14751,-0.410751,-0.0102492,-0.029321,0.159843,0.100418,-0.00119019
-0.398006,1.33981,-0.507354,0.0352447,-0.022779,0.126529,0.100418,-0.00119019
-0.412711,1.28062,-0.431563,0.0561714,-0.00950357,0.101816,0.100418,-0.00119019
-0.296277,1.09403,-0.256798,0.073392,0.000883698,0.0789598,0.100418,-0.00119019
-0.176831,0.97626,-0.00915169,0.0706108,0.0176427,0.103921,0.100418,-0.00119019
-0.115892,0.756415,0.317046,0.0618713,0.0146006,0.126839,0.100418,-0.00119019
-0.114593,0.487512,0.617558,0.0530739,0.00793181,0.145499,0.100418,-0.00119019
-0.152028,0.343596,0.84228,0.0293184,-0.00262924,0.171953,0.100418,-0.00119019
-0.194679,0.24966,0.971744,0.0102582,-0.0107501,0.169958,0.100418,-0.00119019
-0.236685,0.205503,1.05493,-0.00757822,-0.021374,0.160597,0.100418,-0.00119019
-0.299837,0.213236,1.13262,-0.0208581,-0.0366097,0.157601,0.100418,-0.00119019
-0.416406,0.19823,1.22142,-0.0142375,-0.0594135,0.149207,0.100418,-0.00119019
-0.512373,0.13258,1.3238,-0.00337327,-0.0849647,0.101048,0.100418,-0.00119019
-0.524924,0.0308605,1.42217,-0.00639201,-0.0975257,0.0494776,0.100418,-0.00119019
-0.449298,-0.125402,1.45405,-0.0125924,-0.103189,-0.0204803,0.100418,-0.00119019
-0.276366,-0.231989,1.37635,-0.0370894,-0.0977503,-0.0909525,0.100418,-0.00119019
-0.0526632,-0.17144,1.24348,-0.0516625,-0.100747,-0.123511,0.100418,-0.00119019
0.129546,-0.0157015,1.11743,-0.0448586,-0.120789,-0.129932,0.100418,-0.00119019
0.164405,0.115154,1.03852,-0.0176521,-0.144211,-0.106709,0.100418,-0.00119019
0.0523834,0.102881,0.99129,0.0378739,-0.193343,-0.115289,0.100418,-0.00119019
-0.222979,-0.118421,0.760469,0.0643626,-0.190131,-0.186206,0.100418,-0.00119019
-0.398015,-0.213767,0.449057,0.0471797,-0.0979918,-0.240135,0.100418,-0.00119019
-0.361198,0.0737734,0.317092,0.0696701,-0.0557601,-0.246058,0.100418,-0.00119019
-0.188855,0.283924,0.417848,0.111294,-0.0340862,-0.226297,0.100418,-0.00119019
-0.0327959,0.210516,0.580136,0.168745,-0.0317813,-0.177871,0.100418,-0.00119019
0.0619374,0.105672,0.666737,0.206153,-0.0137956,-0.0943072,0.100418,-0.00119019
0.110472,0.23217,0.674205,0.244476,-0.0074022,0.0399777,0.100418,-0.00119019
0.0621634,0.384856,0.680417,0.266528,0.00669456,0.163506,0.100418,-0.00119019
-0.0685667,0.375753,0.75247,0.303794,0.00838681,0.241598,0.100418,-0.00119019
-0.221512,0.0191821,0.919687,0.342219,0.00194032,0.240202,0.100418,-0.00119019
-0.330749,-0.362958,1.17368,0.367884,0.0113272,0.17633,0.100418,-0.00119019
-0.300554,-0.610722,1.43184,0.368983,0.0223536,0.0952158,0.100418,-0.00119019
-0.11541,-0.895567,1.56227,0.31709,0.0811416,-0.0236098,0.100418,-0.00119019
0.156783,-0.812682,1.54848,0.254064,0.122114,-0.0942478,0.100418,-0.00119019
0.351561,-0.340815,1.42505,0.209418,0.12222,-0.0854245,0.100418,-0.00119019
0.351561,-0.340815,1.42505,0.209418,0.12222,-0.0854245,0.177032,-0.00208282
0.409022,0.0473942,1.29824,0.164907,0.106827,-0.0633155,0.177032,-0.00208282
0.369481,0.233747,1.18886,0.152464,0.0758344,-0.0212074,0.177032,-0.00208282
0.315721,0.345724,1.06419,0.154114,0.0563755,0.0299386,0.177032,-0.00208282
0.285462,0.406214,0.93342,0.155298,0.0467153,0.0690365,0.177032,-0.00208282
0.236128,0.448511,0.832141,0.156914,0.0441402,0.0925469,0.177032,-0.00208282
0.182547,0.463941,0.802764,0.154097,0.05064,0.103495,0.177032,-0.00208282
0.163269,0.429788,0.844242,0.148889,0.0547916,0.0910273,0.177032,-0.00208282
0.166145,0.417042,0.912959,0.145446,0.0533249,0.0851926,0.177032,-0.00208282
0.145296,0.355057,0.947442,0.1414,0.038521,0.0675802,0.177032,-0.00208282
0.10292,0.294104,0.935137,0.127962,0.0318923,0.0474365,0.177032,-0.00208282
0.0681497,0.257314,0.891504,0.118979,0.0211857,0.0288182,0.177032,-0.00208282
0.0676639,0.268848,0.842707,0.104501,0.0254295,-0.00386554,0.177032,-0.00208282
0.0952392,0.271838,0.857784,0.0953893,0.0138625,-0.0246592,0.177032,-0.00208282
0.120444,0.196562,0.902884,0.0861161,0.00380796,-0.0490019,0.177032,-0.00208282
0.127148,0.100571,0.938865,0.0784498,-0.0150251,-0.0626985,0.177032,-0.00208282
0.0679846,0.0370561,0.957459,0.0913725,-0.0667352,-0.0704378,0.177032,-0.00208282
-0.220166,-0.0665339,0.844421,0.109116,-0.130489,-0.0870635,0.177032,-0.00208282
-0.710783,-0.116514,0.504396,0.0514272,-0.017242,-0.128031,0.177032,-0.00208282
-0.916444,0.43242,0.288461,0.000788971,0.0819494,-0.13083,0.177032,-0.00208282
-0.636188,1.0691,0.420096,-0.0101227,0.0982121,-0.095826,0.177032,-0.00208282
-0.173805,1.07132,0.80678,-0.00422546,0.108488,-0.0591596,0.177032,-0.00208282
0.100959,0.561267,1.17402,0.0351284,0.06542,0.0156504,0.177032,-0.00208282
0.221175,-0.118881,1.3066,0.0673576,0.018329,0.0558665,0.177032,-0.00208282
0.262988,-0.537336,1.19506,0.0404264,0.017297,0.0637438,0.177032,-0.00208282
0.253305,-0.555923,1.01029,0.000330988,0.0156202,0.0574934,0.177032,-0.00208282
0.120707,-0.420692,0.840445,-0.0349163,0.0182731,0.0315954,0.177032,-0.00208282
-0.107288,-0.251161,0.676745,-0.0573936,0.0364953,-0.0220745,0.177032,-0.00208282
-0.236048,0.125249,0.531508,-0.0683506,0.0457809,-0.0579337,0.177032,-0.00208282
-0.14388,0.432627,0.429395,-0.0692996,0.0495847,-0.0803888,0.177032,-0.00208282
0.0417398,0.512823,0.398595,-0.0418072,0.0277531,-0.0634444,0.177032,-0.00208282
0.116142,0.478919,0.400086,-0.00529062,0.00195231,0.0115574,0.177032,-0.00208282
0.0899298,0.440915,0.4223,0.015957,-0.0202447,0.0951683,0.177032,-0.00208282
0.0262912,0.432348,0.459261,0.0332656,-0.0455464,0.158816,0.177032,-0.00208282
-0.0107121,0.415834,0.531253,0.0350309,-0.0541039,0.196506,0.177032,-0.00208282
-0.0273811,0.33239,0.638776,0.0405716,-0.0637119,0.201981,0.177032,-0.00208282
-0.017177,0.170038,0.746641,0.0412097,-0.0613567,0.184171,0.177032,-0.00208282
0.0186918,0.0887219,0.833967,0.0329773,-0.0555908,0.165277,0.177032,-0.00208282
0.0706177,0.0800479,0.897897,0.0287331,-0.0519537,0.132663,0.177032,-0.00208282
0.123233,0.0991058,0.977409,0.0198728,-0.0489005,0.093767,0.177032,-0.00208282
0.125571,0.0952637,1.03858,0.0186452,-0.0490273,0.0615178,0.177032,-0.00208282
0.102835,0.0309984,1.04795,0.0163655,-0.0562375,0.01192,0.177032,-0.00208282
0.0360998,-0.0653657,0.984379,0.00499377,-0.048972,-0.0493913,0.177032,-0.00208282
-0.0373928,-0.0273245,0.861039,-0.0108042,-0.0269225,-0.115378,0.177032,-0.00208282
-0.0572067,0.207325,0.80342,-0.0133846,-0.0378857,-0.148135,0.177032,-0.00208282
-0.170603,0.241206,0.776193,0.0136278,-0.0912451,-0.200283,0.177032,-0.00208282
-0.326542,0.107774,0.673465,-0.00275166,-0.0283641,-0.242783,0.177032,-0.00208282
-0.36951,0.220034,0.65749,-0.00929641,-0.00101422,-0.224539,0.177032,-0.00208282
-0.321811,0.56902,0.801626,0.0192508,0.00251366,-0.151222,0.177032,-0.00208282
-0.321811,0.56902,0.801626,0.0192508,0.00251366,-0.151222,0.200806,-0.002388
-0.237129,0.835137,1.06554,0.0507737,0.00321522,-0.0351076,0.200806,-0.002388
-0.0925617,0.828173,1.37219,0.102071,-0.0556485,0.0921237,0.200806,-0.002388
0.0140909,0.479208,1.5371,0.152645,-0.113649,0.181263,0.200806,-0.002388
-0.00429494,-0.106627,1.47757,0.174068,-0.12154,0.227229,0.200806,-0.002388
-0.176005,-0.643011,1.23219,0.184982,-0.106688,0.230756,0.200806,-0.002388
-0.470548,-0.801653,1.00135,0.190611,-0.0708682,0.211316,0.200806,-0.002388
-0.731902,-0.818731,0.871063,0.184874,-0.00867096,0.111921,0.200806,-0.002388
-0.75205,-0.732272,0.756684,0.160192,0.0926262,-0.0411107,0.200806,-0.002388
-0.4088,-0.329631,0.792823,0.144908,0.144433,-0.110117,0.200806,-0.002388
-0.000852267,0.0671797,0.996431,0.167022,0.1378,-0.107526,0.200806,-0.002388
0.213383,0.022469,1.20668,0.195933,0.112349,-0.0429955,0.200806,-0.002388
0.265135,-0.247363,1.26534,0.226925,0.0566507,0.0140908,0.200806,-0.002388
0.22963,-0.437694,1.13421,0.220911,0.0286857,0.0628727,0.200806,-0.002388
0.166153,-0.413913,0.916331,0.188584,0.026952,0.0793464,0.200806,-0.002388
0.0840599,-0.233957,0.712423,0.162822,0.0215063,0.0757637,0.200806,-0.002388
0.0337412,-0.074769,0.574478,0.144094,0.030101,0.0442703,0.200806,-0.002388
0.0568352,0.0458618,0.534648,0.132773,0.0253446,-0.00196898,0.200806,-0.002388
0.0768693,0.145622,0.531093,0.112607,0.0209035,-0.0242043,0.200806,-0.002388
0.0615899,0.237774,0.531969,0.0992741,0.00225186,-0.0262725,0.200806,-0.002388
0.0184486,0.345289,0.516725,0.0843864,-0.0292428,-0.0163996,0.200806,-0.002388
-0.0432476,0.462432,0.50034,0.0740712,-0.0541312,0.00621021,0.200806,-0.002388
-0.0909234,0.474526,0.501248,0.0695458,-0.0784854,0.00558609,0.200806,-0.002388
-0.118221,0.421116,0.519388,0.062459,-0.103144,-0.00505608,0.200806,-0.002388
-0.15013,0.370091,0.564493,0.0507068,-0.118726,-0.0221598,0.200806,-0.002388
-0.168959,0.302397,0.619794,0.0344409,-0.123263,-0.040976,0.200806,-0.002388
-0.135673,0.148878,0.686581,0.0205748,-0.130324,-0.0719033,0.200806,-0.002388
-0.0832717,-0.041183,0.774356,-0.00551614,-0.125109,-0.101288,0.200806,-0.002388
-0.0132955,-0.114858,0.883929,-0.0435887,-0.115685,-0.119888,0.200806,-0.002388
-0.00242196,-0.101766,0.89647,-0.0629168,-0.0889505,-0.145284,0.200806,-0.002388
-0.299215,-0.0610231,0.794674,-0.0549293,-0.0865947,-0.214237,0.200806,-0.002388
-0.917278,0.0268138,0.4253,-0.0341045,-0.0283223,-0.358768,0.200806,-0.002388
-1.1948,0.126109,-0.171634,-0.0674947,0.090502,-0.5165,0.200806,-0.002388
-0.858449,-0.0154066,-0.680817,-0.0835576,0.204783,-0.623023,0.200806,-0.002388
-0.395787,-0.0600191,-0.810108,-0.049355,0.238169,-0.576866,0.200806,-0.002388
-0.0526337,0.229327,-0.537223,-0.0354641,0.255636,-0.416134,0.200806,-0.002388
0.292896,0.728977,-0.0475776,-0.0418111,0.213715,-0.229106,0.200806,-0.002388
0.472145,0.660248,0.308898,-0.0346401,0.190974,-0.129267,0.200806,-0.002388
0.476075,0.822548,0.381434,-0.00450352,0.136897,0.0452826,0.200806,-0.002388
0.490377,0.659027,0.155909,0.00185589,0.0963672,0.112467,0.200806,-0.002388
0.432146,0.245015,-0.154076,0.000156593,0.0666608,0.14804,0.200806,-0.002388
0.278571,-0.00434635,-0.380777,0.0046308,0.0498172,0.203072,0.200806,-0.002388
0.190496,0.00940832,-0.414011,0.0305352,0.059891,0.221927,0.200806,-0.002388
0.245658,0.0536303,-0.242384,0.0420284,0.0617422,0.190485,0.200806,-0.002388
0.431008,0.0767267,-0.00148781,0.0454762,0.0722607,0.204457,0.200806,-0.002388
0.611717,0.0828438,0.20149,0.041843,0.0961415,0.195694,0.200806,-0.002388
0.721363,-0.0119448,0.335153,0.0518402,0.0815829,0.197685,0.200806,-0.002388
0.683516,-0.111362,0.395918,0.0590365,0.0665209,0.225576,0.200806,-0.002388
0.535195,-0.126159,0.400376,0.0554663,0.06082,0.254287,0.200806,-0.002388
0.535195,-0.126159,0.400376,0.0554663,0.06082,0.254287,0.126831,-0.0014801
0.363025,-0.0703773,0.38786,0.0459717,0.0557736,0.261879,0.126831,-0.0014801
0.173229,0.0274059,0.389371,0.0486931,0.0412535,0.260481,0.126831,-0.0014801
-0.00944332,0.0878671,0.414421,0.0528003,0.0274418,0.24626,0.126831,-0.0014801
-0.146078,0.108429,0.471628,0.0454122,0.0291099,0.217302,0.126831,-0.0014801
-0.230517,0.109957,0.557398,0.0368187,0.0211853,0.18362,0.126831,-0.0014801
-0.248432,0.0902455,0.623089,0.0254636,0.0033018,0.148401,0.126831,-0.0014801
-0.227288,0.0823068,0.620566,0.00602852,-0.00628589,0.120064,0.126831,-0.0014801
-0.214747,0.112822,0.568999,-0.0186206,-0.0157388,0.102304,0.126831,-0.0014801
-0.257692,0.1746,0.492059,-0.0357122,-0.028409,0.0953556,0.126831,-0.0014801
-0.344861,0.258088,0.413883,-0.0408473,-0.0489533,0.080836,0.126831,-0.0014801
-0.408673,0.337037,0.366387,-0.0354948,-0.0619146,0.0588401,0.126831,-0.0014801
-0.434874,0.373398,0.391797,-0.0306623,-0.0736796,0.0220812,0.126831,-0.0014801
-0.465908,0.36328,0.431888,-0.0184157,-0.0814087,-0.0286676,0.126831,-0.0014801
-0.455756,0.277882,0.432711,-0.0114186,-0.0845658,-0.0967343,0.126831,-0.0014801
-0.370163,0.185889,0.421845,-0.0107857,-0.0746779,-0.173374,0.126831,-0.0014801
-0.190916,0.161487,0.473654,-0.0169835,-0.065156,-0.219254,0.126831,-0.0014801
-0.00397488,0.234182,0.566685,-0.0182937,-0.0730575,-0.237821,0.126831,-0.0014801
0.121965,0.334994,0.654652,-0.0183994,-0.0788114,-0.237165,0.126831,-0.0014801
0.155586,0.417615,0.681458,-0.00545167,-0.0980445,-0.227282,0.126831,-0.0014801
0.0740633,0.387081,0.645471,0.0237067,-0.119966,-0.222428,0.126831,-0.0014801
-0.187792,0.122262,0.486759,0.0413185,-0.103912,-0.25998,0.126831,-0.0014801
-0.465045,-0.0598828,0.272953,0.0283004,-0.0386019,-0.326112,0.126831,-0.0014801
-0.504437,0.131855,0.100555,-0.0316681,0.082566,-0.368424,0.126831,-0.0014801
-0.273566,0.72171,0.0991732,-0.0687407,0.184988,-0.342798,0.126831,-0.0014801
0.12201,1.26236,0.2959,-0.0754885,0.215208,-0.244265,0.126831,-0.0014801
0.420054,1.24013,0.467528,-0.0465887,0.168794,-0.12523,0.126831,-0.0014801
0.498528,0.72197,0.285028,-0.00309899,0.126881,-0.0241401,0.126831,-0.0014801
0.443895,0.113968,-0.0900752,0.00778046,0.113725,0.0453591,0.126831,-0.0014801
0.296991,-0.146082,-0.3952,0.000954308,0.118513,0.101454,0.126831,-0.0014801
0.272155,-0.189944,-0.576973,-0.00594416,0.150859,0.0993504,0.126831,-0.0014801
0.326573,0.0210885,-0.632177,-0.00677813,0.150786,0.0968369,0.126831,-0.0014801
0.34367,0.407726,-0.544216,-0.0208617,0.154887,0.120924,0.126831,-0.0014801
0.313414,0.753376,-0.335025,-0.0221931,0.126945,0.143142,0.126831,-0.0014801
0.206545,0.920755,-0.108323,-0.0256715,0.087385,0.170476,0.126831,-0.0014801
0.125053,0.840664,0.0357761,-0.0229715,0.0660022,0.179906,0.126831,-0.0014801
0.111184,0.6398,0.13704,-0.0315876,0.0381972,0.177357,0.126831,-0.0014801
0.186521,0.422271,0.219679,-0.0389912,0.0260547,0.176649,0.126831,-0.0014801
0.32731,0.164727,0.303747,-0.049743,0.0169312,0.180459,0.126831,-0.0014801
0.43837,-0.150175,0.35114,-0.0476572,-0.000453293,0.18688,0.126831,-0.0014801
0.432822,-0.448702,0.32527,-0.0420005,-0.0237602,0.185842,0.126831,-0.0014801
0.288321,-0.565586,0.238395,-0.0385461,-0.0380413,0.194778,0.126831,-0.0014801
0.101044,-0.531581,0.080555,-0.041578,-0.0296125,0.180445,0.126831,-0.0014801
-0.0662726,-0.356526,-0.0968008,-0.0396361,-0.0180484,0.148546,0.126831,-0.0014801
-0.209608,-0.101831,-0.209144,-0.0281542,-0.00915922,0.124663,0.126831,-0.0014801
-0.312574,0.115041,-0.212601,-0.00514132,-0.00838262,0.105649,0.126831,-0.0014801
-0.308567,0.181748,-0.120374,0.0265868,-0.0218863,0.099234,0.126831,-0.0014801
-0.267323,0.119771,0.00223008,0.057246,-0.0478108,0.100496,0.126831,-0.0014801
-0.243676,0.0201084,0.0892867,0.0871111,-0.0913304,0.119411,0.126831,-0.0014801
-0.243676,0.0201084,0.0892867,0.0871111,-0.0913304,0.119411,0.0554962,-0.000686646
-0.219391,-0.219224,0.129835,0.115453,-0.126832,0.0983484,0.0554962,-0.000686646
-0.204957,-0.556701,0.137943,0.141643,-0.148711,0.0313254,0.0554962,-0.000686646
-0.214949,-0.766582,0.145543,0.149637,-0.150177,-0.045459,0.0554962,-0.000686646
-0.217446,-0.739917,0.203013,0.142937,-0.136941,-0.136503,0.0554962,-0.000686646
-0.111567,-0.587661,0.254543,0.107194,-0.0945784,-0.234275,0.0554962,-0.000686646
0.12303,-0.4415,0.274998,0.0506826,-0.0425757,-0.326701,0.0554962,-0.000686646
0.293422,-0.272006,0.257515,0.0144835,-0.0237192,-0.354412,0.0554962,-0.000686646
0.22482,-0.113209,0.181674,-0.0117822,-0.0193947,-0.326422,0.0554962,-0.000686646
-0.0667701,0.0746604,0.0633968,-0.0262921,-0.0261887,-0.263117,0.0554962,-0.000686646
-0.414463,0.105673,-0.153838,-0.0379114,-0.0233188,-0.246027,0.0554962,-0.000686646
-0.652635,0.0239017,-0.455717,-0.0625927,0.0297957,-0.283052,0.0554962,-0.000686646
-0.612086,0.19155,-0.617146,-0.0738687,0.0842582,-0.295454,0.0554962,-0.000686646
-0.252593,0.43606,-0.551022,-0.0665502,0.104633,-0.25002,0.0554962,-0.000686646
0.100516,0.546942,-0.352183,-0.0485349,0.107309,-0.176455,0.0554962,-0.000686646
0.27217,0.330857,-0.246213,-0.0292883,0.0808542,-0.0999978,0.0554962,-0.000686646
0.34704,-0.0642225,-0.319788,-0.0261186,0.0783373,-0.0603604,0.0554962,-0.000686646
0.398033,-0.287015,-0.437772,-0.0449369,0.0974546,-0.0197452,0.0554962,-0.000686646
0.413651,-0.212851,-0.473065,-0.0686499,0.110323,0.034578,0.0554962,-0.000686646
0.414479,-0.052956,-0.470686,-0.0751585,0.123938,0.0728935,0.0554962,-0.000686646
0.42015,0.0489804,-0.426349,-0.0695818,0.112866,0.108675,0.0554962,-0.000686646
0.413172,0.0222949,-0.392043,-0.0617357,0.10931,0.147465,0.0554962,-0.000686646
0.397172,-0.062684,-0.368752,-0.0445979,0.0991301,0.180327,0.0554962,-0.000686646
0.387845,-0.0926844,-0.342677,-0.0341305,0.0957709,0.217889,0.0554962,-0.000686646
0.422817,-0.121745,-0.307083,-0.0242084,0.0931996,0.23724,0.0554962,-0.000686646
0.434534,-0.0749917,-0.251397,-0.0167984,0.0849541,0.259898,0.0554962,-0.000686646
0.396329,-0.0446342,-0.189076,-0.00944649,0.0814233,0.270574,0.0554962,-0.000686646
0.353583,-0.0777672,-0.131291,0.00188198,0.0781967,0.257508,0.0554962,-0.000686646
0.222819,0.00160631,-0.0605701,0.00778289,0.0549635,0.258851,0.0554962,-0.000686646
0.041563,0.145533,-0.0623883,-0.00424775,0.0486749,0.256709,0.0554962,-0.000686646
-0.0995429,0.258828,-0.120719,-0.0107527,0.0235269,0.243002,0.0554962,-0.000686646
-0.272568,0.266292,-0.176462,-0.00457795,-0.0159644,0.223902,0.0554962,-0.000686646
-0.476284,0.191839,-0.219437,-0.0101306,-0.0240066,0.198492,0.0554962,-0.000686646
-0.600564,0.0450165,-0.252009,-0.0178332,-0.0235951,0.156832,0.0554962,-0.000686646
-0.623722,-0.0932774,-0.253147,-0.0113686,-0.0275216,0.105697,0.0554962,-0.000686646
-0.525901,-0.295386,-0.224516,-0.00223269,-0.0242567,0.0479686,0.0554962,-0.000686646
-0.360482,-0.417432,-0.129414,0.00404933,-0.0319514,0.01047,0.0554962,-0.000686646
-0.291552,-0.429561,-0.00801991,0.00115918,-0.048317,-0.00377971,0.0554962,-0.000686646
-0.315725,-0.307561,0.0678294,-0.0089158,-0.0579613,0.0113907,0.0554962,-0.000686646
-0.344118,-0.148527,0.0650752,-0.0151438,-0.0773626,0.0231872,0.0554962,-0.000686646
-0.306088,-0.0201892,0.017654,-0.0165756,-0.0937506,0.0153273,0.0554962,-0.000686646
-0.292001,0.02404,-0.0176482,-0.00732791,-0.118637,0.0167246,0.0554962,-0.000686646
-0.305091,0.0507135,-0.011865,0.00984236,-0.131341,0.013068,0.0554962,-0.000686646
-0.289504,0.0254698,0.0321025,0.018875,-0.1368,-0.00705653,0.0554962,-0.000686646
-0.235291,-0.0299049,0.0643896,0.0245013,-0.128673,-0.0461146,0.0554962,-0.000686646
-0.206925,0.0188017,0.0988069,0.0214695,-0.127213,-0.0692148,0.0554962,-0.000686646
-0.265469,0.201904,0.114222,0.00300328,-0.117995,-0.0805352,0.0554962,-0.000686646
-0.457093,0.528087,0.0887767,-0.0245889,-0.117059,-0.093011,0.0554962,-0.000686646
-0.574171,0.772294,-0.0280863,-0.0283432,-0.0951117,-0.12502,0.0554962,-0.000686646
-0.574171,0.772294,-0.0280863,-0.0283432,-0.0951117,-0.12502,0.0158539,-0.000190735
-0.439055,0.793133,-0.0909656,-0.013135,-0.0729954,-0.194578,0.0158539,-0.000190735
-0.108193,0.660773,-0.0453296,-0.00626072,-0.0302442,-0.239775,0.0158539,-0.000190735
0.228004,0.479417,0.128404,0.0178159,-0.00858127,-0.253527,0.0158539,-0.000190735
0.371007,0.318447,0.340143,0.0307174,-0.00422254,-0.206981,0.0158539,-0.000190735
0.292468,0.0892387,0.435772,0.0470959,-0.022889,-0.170287,0.0158539,-0.000190735
0.0989683,-0.0433493,0.361636,0.0539603,-0.0284525,-0.142394,0.0158539,-0.000190735
-0.0683852,-0.0931543,0.263513,0.0396883,-0.0219291,-0.134101,0.0158539,-0.000190735
-0.151394,-0.239911,0.205027,0.0410575,-0.00194288,-0.149604,0.0158539,-0.000190735
-0.167103,-0.375412,0.215463,0.0447756,0.0268576,-0.163114,0.0158539,-0.000190735
-0.188416,-0.376089,0.257036,0.0309879,0.0688605,-0.147943,0.0158539,-0.000190735
-0.205949,-0.287585,0.315062,0.0119644,0.0995337,-0.141867,0.0158539,-0.000190735
-0.173953,-0.140061,0.389465,0.000737742,0.0967178,-0.116438,0.0158539,-0.000190735
-0.131324,-0.137999,0.382041,0.00571036,0.0826118,-0.100152,0.0158539,-0.000190735
-0.0558267,-0.214556,0.320537,-0.00852166,0.085204,-0.0962744,0.0158539,-0.000190735
0.0404982,-0.169919,0.255207,-0.026654,0.0855628,-0.0631718,0.0158539,-0.000190735
0.204347,-0.0860491,0.21349,-0.0315584,0.0788991,0.00377047,0.0158539,-0.000190735
0.253631,-0.0710332,0.226344,-0.036753,0.0540213,0.0537848,0.0158539,-0.000190735
0.208595,0.0330923,0.216715,-0.0371376,0.0376444,0.135036,0.0158539,-0.000190735
0.228396,0.0604459,0.172556,-0.0508804,0.0348666,0.149492,0.0158539,-0.000190735
0.281776,0.107794,0.115668,-0.0502361,0.0261871,0.181886,0.0158539,-0.000190735
0.344854,0.0689394,0.0548642,-0.0476521,0.0307233,0.197051,0.0158539,-0.000190735
0.368114,0.0299593,0.0528783,-0.0388417,0.0301871,0.213471,0.0158539,-0.000190735
0.37619,-0.00224648,0.0818504,-0.0307922,0.0328989,0.213467,0.0158539,-0.000190735
0.410807,-0.0391208,0.108546,-0.0277867,0.0326585,0.203821,0.0158539,-0.000190735
0.420325,-0.102848,0.100465,-0.0240386,0.0331032,0.192666,0.0158539,-0.000190735
0.369494,-0.186797,0.0697357,-0.0118624,0.023485,0.194456,0.0158539,-0.000190735
0.240729,-0.255116,0.0245868,-0.0073915,0.0144369,0.19875,0.0158539,-0.000190735
0.0902626,-0.262603,-0.0440002,-0.0036488,0.00806642,0.201123,0.0158539,-0.000190735
-0.0593214,-0.220553,-0.11239,-0.0048619,0.00337045,0.190111,0.0158539,-0.000190735
-0.192109,-0.0752032,-0.124137,-0.000960514,-0.0101517,0.186532,0.0158539,-0.000190735
-0.324386,0.0101418,-0.112461,0.0120498,-0.0361007,0.183908,0.0158539,-0.000190735
-0.421971,0.0369749,-0.100686,0.0305591,-0.0700205,0.17854,0.0158539,-0.000190735
-0.476169,0.0958444,-0.0867143,0.0443659,-0.106543,0.166074,0.0158539,-0.000190735
-0.5446,0.113468,-0.0592263,0.0612686,-0.146271,0.154217,0.0158539,-0.000190735
-0.607764,0.0785111,-0.025879,0.0746805,-0.167254,0.126895,0.0158539,-0.000190735
-0.627395,0.0481533,0.0173769,0.0874303,-0.189753,0.103229,0.0158539,-0.000190735
-0.582483,-0.0652562,0.0415202,0.0955771,-0.194875,0.0533668,0.0158539,-0.000190735
-0.464676,-0.167891,0.0386403,0.101069,-0.193193,-0.00033319,0.0158539,-0.000190735
-0.377646,-0.267659,-0.0115764,0.10152,-0.190485,-0.0492331,0.0158539,-0.000190735
-0.434264,-0.338536,-0.12893,0.0941641,-0.181578,-0.107577,0.0158539,-0.000190735
-0.545666,-0.24104,-0.235224,0.0994684,-0.15823,-0.181749,0.0158539,-0.000190735
-0.468262,0.0580108,-0.190556,0.0885219,-0.114784,-0.275535,0.0158539,-0.000190735
-0.170395,0.251863,-0.0159516,0.0726513,-0.0212642,-0.384351,0.0158539,-0.000190735
0.156729,0.166988,0.227081,0.0678816,0.00857504,-0.419507,0.0158539,-0.000190735
0.314003,-0.0476234,0.348664,0.0767943,0.0049364,-0.408784,0.0158539,-0.000190735
0.25762,-0.0385922,0.323169,0.0377705,0.0195095,-0.343605,0.0158539,-0.000190735
0.0155249,0.00308783,0.0585566,-0.0175419,0.109324,-0.311686,0.0158539,-0.000190735
-0.144714,-0.080607,-0.171115,0.00325962,0.146341,-0.341426,0.0158539,-0.000190735
-0.140704,-0.0795853,-0.204914,0.0262102,0.169538,-0.34539,0.0158539,-0.000190735
-0.140704,-0.0795853,-0.204914,0.0262102,0.169538,-0.34539,0.0396271,-0.000457764
0.0244423,0.0481059,-0.0921169,0.0346733,0.209108,-0.302279,0.0396271,-0.000457764
0.235699,0.264384,0.148664,0.0304676,0.20546,-0.222669,0.0396271,-0.000457764
0.414421,0.264117,0.380404,0.0278732,0.167143,-0.13883,0.0396271,-0.000457764
0.536299,-0.0264659,0.464805,0.0199869,0.132964,-0.0788748,0.0396271,-0.000457764
0.562491,-0.272093,0.418956,-0.01298,0.116183,0.00118279,0.0396271,-0.000457764
0.489799,-0.394228,0.299471,-0.0407051,0.0914422,0.0741647,0.0396271,-0.000457764
0.37041,-0.409442,0.152164,-0.0550868,0.0766523,0.119503,0.0396271,-0.000457764
0.278547,-0.231125,0.0610615,-0.0709052,0.0596583,0.174625,0.0396271,-0.000457764
0.201719,-0.028732,0.0243441,-0.0820616,0.0424753,0.222157,0.0396271,-0.000457764
0.161644,0.163397,0.00176213,-0.0876735,0.0298451,0.264152,0.0396271,-0.000457764
0.219728,0.18544,-0.0342761,-0.100152,0.0301077,0.279636,0.0396271,-0.000457764
0.303729,0.134361,-0.0742619,-0.104552,0.0275967,0.300572,0.0396271,-0.000457764
0.36652,0.137078,-0.108496,-0.103222,0.0253412,0.329681,0.0396271,-0.000457764
0.38694,0.0918945,-0.137717,-0.100297,0.00711329,0.348921,0.0396271,-0.000457764
0.357332,0.0298825,-0.194061,-0.0854117,0.00748809,0.351756,0.0396271,-0.000457764
0.30197,-0.0215609,-0.240866,-0.0645322,0.00455344,0.330106,0.0396271,-0.000457764
0.199748,-0.0697418,-0.292581,-0.0570787,0.000489533,0.297794,0.0396271,-0.000457764
0.00579434,-0.0641865,-0.366059,-0.0425021,0.00681989,0.258221,0.0396271,-0.000457764
-0.190961,-0.115656,-0.437108,-0.0228096,0.0162769,0.17004,0.0396271,-0.000457764
-0.26093,-0.281395,-0.479476,-0.00563242,0.0491198,0.0708548,0.0396271,-0.000457764
-0.31942,-0.238463,-0.45115,0.00254682,0.0567839,-0.0128582,0.0396271,-0.000457764
-0.325817,-0.0983232,-0.329416,0.00255536,0.0644827,-0.046354,0.0396271,-0.000457764
-0.224247,0.0263377,-0.0939926,0.00174893,0.0661189,-0.0599656,0.0396271,-0.000457764
-0.125777,0.066983,0.170846,0.00367031,0.0227523,-0.0359337,0.0396271,-0.000457764
-0.114225,-0.031458,0.357092,-0.000338368,-0.0134845,0.0145372,0.0396271,-0.000457764
-0.122067,-0.180297,0.464903,-0.00843797,-0.0519962,0.0551338,0.0396271,-0.000457764
-0.124054,-0.297624,0.504674,-0.0265728,-0.0775262,0.0848297,0.0396271,-0.000457764
-0.111572,-0.396536,0.508339,-0.03533,-0.101292,0.100757,0.0396271,-0.000457764
-0.15007,-0.479151,0.427242,-0.0436226,-0.113872,0.0971077,0.0396271,-0.000457764
-0.204696,-0.477217,0.288792,-0.0505997,-0.118017,0.0926825,0.0396271,-0.000457764
-0.259741,-0.463345,0.109007,-0.0565043,-0.137161,0.0759035,0.0396271,-0.000457764
-0.334344,-0.479857,-0.109465,-0.0506642,-0.140629,0.0531852,0.0396271,-0.000457764
-0.404849,-0.549756,-0.310172,-0.0396983,-0.135776,0.0105603,0.0396271,-0.000457764
-0.501601,-0.455784,-0.41983,-0.0332864,-0.119056,-0.0278057,0.0396271,-0.000457764
-0.505609,-0.257311,-0.480153,-0.0198682,-0.0779538,-0.0837644,0.0396271,-0.000457764
-0.341181,-0.0377256,-0.408162,0.00359079,-0.0532801,-0.144355,0.0396271,-0.000457764
-0.106484,0.0969459,-0.214312,0.00165439,-0.0263912,-0.184031,0.0396271,-0.000457764
0.0478341,0.154301,-0.0152753,0.0228224,-0.00481028,-0.199076,0.0396271,-0.000457764
0.100249,0.255317,0.143809,0.0477851,-0.0178366,-0.1766,0.0396271,-0.000457764
0.0849604,0.266781,0.252754,0.0663271,-0.0261701,-0.173138,0.0396271,-0.000457764
0.00188144,0.318534,0.361481,0.0655772,-0.0328266,-0.17524,0.0396271,-0.000457764
-0.0584011,0.297372,0.458133,0.0732217,-0.0475658,-0.153013,0.0396271,-0.000457764
-0.208123,0.197095,0.53529,0.0651637,-0.0528201,-0.175117,0.0396271,-0.000457764
-0.464019,0.0323863,0.457742,0.0339144,-0.0353133,-0.192273,0.0396271,-0.000457764
-0.654132,0.0280384,0.22825,0.0018768,0.0112262,-0.233276,0.0396271,-0.000457764
-0.617171,0.316822,0.144427,-0.0116226,0.0276211,-0.226868,0.0396271,-0.000457764
-0.362456,0.494553,0.277761,-0.0129065,0.0586006,-0.213678,0.0396271,-0.000457764
-0.0978791,0.454129,0.564221,-0.0127609,0.0517054,-0.158905,0.0396271,-0.000457764
-0.0978791,0.454129,0.564221,-0.0127609,0.0517054,-0.158905,0.0502167,-0.000602722
0.0494648,0.1785,0.694597,-0.00305001,0.0388485,-0.103576,0.0502167,-0.000602722
0.140636,-0.226327,0.570802,0.00833149,0.0387489,-0.0802946,0.0502167,-0.000602722
0.180383,-0.469062,0.392154,-0.0149477,0.0428905,-0.0335517,0.0502167,-0.000602722
0.211595,-0.519856,0.236893,-0.0419254,0.0719372,0.00379926,0.0502167,-0.000602722
0.274933,-0.390032,0.134182,-0.0417974,0.0788637,0.0310746,0.0502167,-0.000602722
0.312119,-0.147726,0.0873336,-0.044595,0.0683476,0.0734084,0.0502167,-0.000602722
0.32008,0.102628,0.0509745,-0.033638,0.0712027,0.113064,0.0502167,-0.000602722
0.312029,0.227033,0.0401217,-0.0206761,0.0581984,0.150051,0.0502167,-0.000602722
0.291038,0.23911,0.0440619,-0.00424444,0.0477044,0.175678,0.0502167,-0.000602722
0.2993,0.145342,0.0294537,0.00274629,0.0489637,0.192031,0.0502167,-0.000602722
0.352764,-0.0683828,0.0224937,0.0109538,0.040618,0.182857,0.0502167,-0.000602722
0.329053,-0.195512,0.036729,0.0137151,0.0338215,0.195357,0.0502167,-0.000602722
0.285401,-0.234181,0.0598148,0.0108705,0.0296792,0.200347,0.0502167,-0.000602722
0.251394,-0.240342,0.0428545,0.00463042,0.0202554,0.187096,0.0502167,-0.000602722
0.190875,-0.178043,-0.000252761,0.00571078,0.00598463,0.184336,0.0502167,-0.000602722
0.0910631,-0.0819993,-0.0545901,0.010214,-0.0101686,0.175489,0.0502167,-0.000602722
-0.0182088,0.00754749,-0.109924,0.0234454,-0.0225934,0.158393,0.0502167,-0.000602722
-0.0867039,0.0539256,-0.136995,0.0358708,-0.0319619,0.132605,0.0502167,-0.000602722
-0.113559,0.100479,-0.125487,0.0468431,-0.039883,0.110203,0.0502167,-0.000602722
-0.134636,0.144538,-0.0618275,0.0580972,-0.0505378,0.0944245,0.0502167,-0.000602722
-0.171792,0.20685,0.0147217,0.0620946,-0.0657897,0.0868781,0.0502167,-0.000602722
-0.185273,0.189791,0.0639494,0.0680529,-0.0745611,0.0660946,0.0502167,-0.000602722
-0.167354,0.104969,0.103839,0.0686623,-0.0928927,0.0469887,0.0502167,-0.000602722
-0.159638,0.0380229,0.140366,0.0632194,-0.0997909,0.0362288,0.0502167,-0.000602722
-0.159124,0.0115802,0.192676,0.0621525,-0.115924,0.0298061,0.0502167,-0.000602722
-0.133949,-0.00882857,0.249703,0.0557733,-0.123375,0.0148048,0.0502167,-0.000602722
-0.0790559,-0.0863613,0.314463,0.0523635,-0.136619,-0.00820643,0.0502167,-0.000602722
-0.0516758,-0.207627,0.338888,0.0424336,-0.139966,-0.0330894,0.0502167,-0.000602722
-0.0382077,-0.294246,0.310742,0.0334802,-0.140837,-0.0616992,0.0502167,-0.000602722
-0.0380575,-0.349665,0.280445,0.0153529,-0.137027,-0.0980999,0.0502167,-0.000602722
-0.0235954,-0.372471,0.215031,-0.00652396,-0.107426,-0.149056,0.0502167,-0.000602722
0.0370138,-0.408963,0.124497,-0.0246667,-0.0866126,-0.201675,0.0502167,-0.000602722
0.0904855,-0.496083,0.0497639,-0.0313496,-0.0651353,-0.24841,0.0502167,-0.000602722
0.0820521,-0.615931,-0.00739025,-0.0464473,-0.0353257,-0.272879,0.0502167,-0.000602722
-0.0553392,-0.757022,-0.130083,-0.0497611,-0.0157721,-0.301467,0.0502167,-0.000602722
-0.262059,-0.774241,-0.339293,-0.0515733,0.0244233,-0.333848,0.0502167,-0.000602722
-0.434754,-0.582595,-0.47005,-0.0526029,0.0619564,-0.345326,0.0502167,-0.000602722
-0.441361,-0.306517,-0.451596,-0.0529915,0.0969253,-0.341916,0.0502167,-0.000602722
-0.213715,-0.209909,-0.255393,-0.0553963,0.106821,-0.32115,0.0502167,-0.000602722
0.0610612,-0.131421,0.0450861,-0.0632278,0.093399,-0.250031,0.0502167,-0.000602722
0.230903,-0.0431616,0.23726,-0.0665894,0.0554196,-0.14607,0.0502167,-0.000602722
0.336168,-0.10618,0.144507,-0.0521226,0.0319135,-0.101352,0.0502167,-0.000602722
0.405407,-0.298079,-0.186082,-0.0446152,0.0358532,-0.0877274,0.0502167,-0.000602722
0.435769,-0.293358,-0.497425,-0.049386,0.0529674,-0.0387608,0.0502167,-0.000602722
0.466387,-0.168217,-0.653971,-0.0404179,0.0797953,0.0116416,0.0502167,-0.000602722
0.528552,-0.0811346,-0.636756,-0.0208061,0.0947578,0.0482351,0.0502167,-0.000602722
0.556893,-0.00865632,-0.53489,-0.000272751,0.0989865,0.0967106,0.0502167,-0.000602722
0.55472,0.0463466,-0.472656,0.0119087,0.11195,0.145589,0.0502167,-0.000602722
0.55472,0.0463466,-0.472656,0.0119087,0.11195,0.145589,0.132111,-0.00153351
0.568242,0.0776813,-0.46611,0.0251239,0.122857,0.183301,0.132111,-0.00153351
0.628721,0.159621,-0.446156,0.0366294,0.128558,0.228582,0.132111,-0.00153351
0.726139,0.238102,-0.348355,0.0444056,0.120628,0.274049,0.132111,-0.00153351
0.790029,0.209799,-0.22261,0.0461019,0.111982,0.30763,0.132111,-0.00153351
0.763861,0.117053,-0.146966,0.0538693,0.106872,0.333671,0.132111,-0.00153351
0.637254,0.0578499,-0.109559,0.0556654,0.0882043,0.339338,0.132111,-0.00153351
0.438677,0.0785617,-0.101176,0.0473881,0.071586,0.341206,0.132111,-0.00153351
0.24009,0.102004,-0.1399,0.0348742,0.0623502,0.318822,0.132111,-0.00153351
0.0572335,0.124884,-0.189711,0.0242915,0.050996,0.291925,0.132111,-0.00153351
-0.130197,0.0819307,-0.209278,0.0182932,0.0327877,0.256542,0.132111,-0.00153351
-0.327488,-0.0331246,-0.200747,0.0124586,0.0228211,0.210058,0.132111,-0.00153351
-0.495314,-0.0987926,-0.178501,0.0107343,0.0174491,0.160164,0.132111,-0.00153351
-0.607957,-0.0543754,-0.119929,0.00476152,0.0112336,0.107512,0.132111,-0.00153351
-0.636625,0.0545966,-0.0437411,-0.00150914,0.0146377,0.0546985,0.132111,-0.00153351
-0.566077,0.163481,0.0817823,-0.00186849,0.00496563,0.0175527,0.132111,-0.00153351
-0.411553,0.208334,0.268547,-0.00416994,-0.0159079,-0.00703484,0.132111,-0.00153351
-0.259269,0.168589,0.464839,-0.0123854,-0.0443981,-0.0111007,0.132111,-0.00153351
-0.206318,0.0679285,0.526999,-0.00335222,-0.0769866,-0.00160253,0.132111,-0.00153351
-0.194726,-0.00526854,0.493243,-0.00589781,-0.110655,0.00782794,0.132111,-0.00153351
-0.161403,-0.0539774,0.397081,-0.00923618,-0.127364,0.00427765,0.132111,-0.00153351
-0.110193,-0.0744985,0.307835,-0.00855694,-0.135628,-0.00539553,0.132111,-0.00153351
-0.0950816,-0.0611186,0.246794,0.00161788,-0.14723,-0.0310476,0.132111,-0.00153351
-0.100619,-0.00259268,0.192037,0.00792686,-0.139675,-0.060895,0.132111,-0.00153351
-0.0810167,0.0564414,0.155023,0.0105114,-0.125957,-0.112822,0.132111,-0.00153351
0.00155144,0.10355,0.108288,0.00721677,-0.101348,-0.162217,0.132111,-0.00153351
0.0920448,0.129607,0.121496,0.0153191,-0.103881,-0.194053,0.132111,-0.00153351
0.0521713,0.182494,0.176068,0.0164741,-0.11745,-0.201541,0.132111,-0.00153351
-0.117609,0.20813,0.114254,0.0071477,-0.121903,-0.234306,0.132111,-0.00153351
-0.275776,0.299577,-0.174128,-0.0124605,-0.0840926,-0.29277,0.132111,-0.00153351
-0.311061,0.445635,-0.416419,-0.000352032,-0.0658478,-0.320218,0.132111,-0.00153351
-0.26517,0.629714,-0.487049,0.0276706,-0.0403104,-0.311203,0.132111,-0.00153351
-0.222711,0.551408,-0.3658,0.0517433,0.0154827,-0.312742,0.132111,-0.00153351
-0.160176,0.389327,-0.106284,0.0624397,0.0415799,-0.287705,0.132111,-0.00153351
0.0241256,0.119135,0.186956,0.0620372,0.070844,-0.277833,0.132111,-0.00153351
0.315383,0.00918182,0.485413,0.0322208,0.0924159,-0.228857,0.132111,-0.00153351
0.603654,-0.081677,0.723152,0.00699655,0.106612,-0.175754,0.132111,-0.00153351
0.797094,-0.177649,0.796925,-0.00574358,0.120566,-0.122571,0.132111,-0.00153351
0.883213,-0.0917272,0.738323,-0.0259375,0.13034,-0.0437198,0.132111,-0.00153351
0.862857,0.144497,0.613197,-0.0418601,0.11944,0.0468302,0.132111,-0.00153351
0.782137,0.291414,0.444243,-0.044219,0.114024,0.10717,0.132111,-0.00153351
0.659982,0.387281,0.276807,-0.0513479,0.111738,0.161675,0.132111,-0.00153351
0.535793,0.415576,0.117861,-0.0493731,0.117074,0.195232,0.132111,-0.00153351
0.455035,0.389273,0.00566183,-0.0491709,0.11992,0.212135,0.132111,-0.00153351
0.417855,0.397467,-0.0574487,-0.0382848,0.120452,0.216287,0.132111,-0.00153351
0.404416,0.434819,-0.0738442,-0.0352988,0.121147,0.226731,0.132111,-0.00153351
0.393455,0.445672,-0.0914098,-0.0344007,0.123386,0.230044,0.132111,-0.00153351
0.371076,0.436191,-0.109643,-0.0331477,0.124173,0.234352,0.132111,-0.00153351
0.341802,0.402773,-0.114792,-0.0264968,0.109722,0.241751,0.132111,-0.00153351
0.341802,0.402773,-0.114792,-0.0264968,0.109722,0.241751,0.163818,-0.00196075
0.281275,0.311049,-0.112114,-0.0220778,0.0986792,0.239769,0.163818,-0.00196075
0.191024,0.208923,-0.11698,-0.0230732,0.0897385,0.242237,0.163818,-0.00196075
0.0748854,0.138565,-0.12795,-0.0164687,0.0737907,0.239493,0.163818,-0.00196075
-0.0484278,0.0838317,-0.110165,-0.0110219,0.054725,0.232579,0.163818,-0.00196075
-0.18242,0.0171453,-0.0792421,-0.00259893,0.0282992,0.21548,0.163818,-0.00196075
-0.33016,-3.24035e-05,-0.0608854,0.00198339,0.00825468,0.198804,0.163818,-0.00196075
-0.455023,-0.000973473,-0.0488016,0.0109596,-0.0138609,0.17616,0.163818,-0.00196075
-0.532392,0.0195187,0.00252764,0.0193681,-0.0393771,0.14674,0.163818,-0.00196075
-0.569879,0.0201496,0.0830983,0.0240374,-0.0599947,0.122854,0.163818,-0.00196075
-0.584414,0.000457161,0.183327,0.0384466,-0.0902429,0.103677,0.163818,-0.00196075
-0.578974,-0.0570403,0.252211,0.043987,-0.118504,0.0787458,0.163818,-0.00196075
-0.544468,-0.113742,0.226809,0.0484772,-0.130623,0.0489339,0.163818,-0.00196075
-0.502987,-0.14013,0.171893,0.0634178,-0.155811,0.022222,0.163818,-0.00196075
-0.475245,-0.103121,0.12191,0.0746628,-0.164944,-0.00966346,0.163818,-0.00196075
-0.454582,-0.00740409,0.111443,0.0872233,-0.16674,-0.0410012,0.163818,-0.00196075
-0.407217,0.0806261,0.148264,0.0937483,-0.160702,-0.0766378,0.163818,-0.00196075
-0.291182,0.0686736,0.216422,0.0983087,-0.143061,-0.119888,0.163818,-0.00196075
-0.131262,0.0443292,0.286172,0.103448,-0.131347,-0.154442,0.163818,-0.00196075
0.0270454,0.0395108,0.335209,0.0978855,-0.119715,-0.171122,0.163818,-0.00196075
0.148065,-0.0143045,0.34731,0.103019,-0.115517,-0.185195,0.163818,-0.00196075
0.155704,-0.112549,0.276175,0.0816563,-0.0914071,-0.214147,0.163818,-0.00196075
0.120605,-0.195854,0.171769,0.0523237,-0.0537922,-0.245463,0.163818,-0.00196075
0.0247459,-0.229324,0.086917,0.0219914,-0.0198587,-0.277778,0.163818,-0.00196075
-0.185485,-0.255502,0.0288555,0.0108738,-0.00977048,-0.292561,0.163818,-0.00196075
-0.443532,-0.426784,-0.0530527,-0.00755567,0.0158748,-0.340539,0.163818,-0.00196075
-0.563657,-0.511629,-0.145705,-0.0308908,0.0618875,-0.369325,0.163818,-0.00196075
-0.421844,-0.340799,-0.157515,-0.0589128,0.116488,-0.364617,0.163818,-0.00196075
-0.0582708,-0.0449917,0.0549703,-0.0780745,0.114082,-0.309099,0.163818,-0.00196075
0.272645,0.116459,0.38965,-0.0789387,0.0897435,-0.183927,0.163818,-0.00196075
0.433524,-0.0770537,0.579353,-0.0498147,0.0619818,-0.0903645,0.163818,-0.00196075
0.507994,-0.62021,0.474824,-0.0226953,0.0589836,-0.0594683,0.163818,-0.00196075
0.570222,-1.07717,0.171023,-0.0401822,0.0758162,-0.0428053,0.163818,-0.00196075
0.640864,-1.20748,-0.100534,-0.041826,0.095272,-0.0186927,0.163818,-0.00196075
0.648628,-1.01158,-0.160071,-0.0411735,0.101451,0.0468909,0.163818,-0.00196075
0.555263,-0.624847,-0.0873767,-0.028685,0.0980636,0.119355,0.163818,-0.00196075
0.456163,-0.133242,-0.0071957,-0.0243838,0.0825434,0.181595,0.163818,-0.00196075
0.391086,0.216085,-0.029339,-0.0201453,0.0781033,0.216798,0.163818,-0.00196075
0.336491,0.306601,-0.116571,-0.0161365,0.0684909,0.239095,0.163818,-0.00196075
0.272021,0.289916,-0.247576,-0.00895638,0.0662239,0.271653,0.163818,-0.00196075
0.19857,0.296407,-0.338524,0.00127874,0.0651996,0.315788,0.163818,-0.00196075
0.146889,0.388489,-0.350627,0.00743931,0.0627656,0.34717,0.163818,-0.00196075
0.156445,0.346027,-0.31242,0.0175464,0.0633043,0.346066,0.163818,-0.00196075
0.188762,0.249834,-0.263196,0.0297178,0.0603739,0.353342,0.163818,-0.00196075
0.16465,0.162861,-0.226026,0.0353349,0.047457,0.359021,0.163818,-0.00196075
0.0350258,0.119185,-0.226795,0.0376533,0.0374438,0.359685,0.163818,-0.00196075
-0.251847,0.0399524,-0.218837,0.040995,0.026469,0.348915,0.163818,-0.00196075
-0.673219,0.0168954,-0.182196,0.0303619,0.0218459,0.300922,0.163818,-0.00196075
-0.971764,0.0348255,-0.154002,0.021555,0.0152155,0.227038,0.163818,-0.00196075
-0.971764,0.0348255,-0.154002,0.021555,0.0152155,0.227038,0.184967,-0.00218964
-1.04653,-0.0363713,-0.153357,0.0150881,0.00536594,0.0885021,0.184967,-0.00218964
-0.901458,-0.018887,-0.125264,0.00872495,-0.0112637,-0.00590181,0.184967,-0.00218964
-0.673044,0.0309362,-0.0495906,0.00806788,-0.0282894,-0.0577903,0.184967,-0.00218964
-0.585513,0.182691,0.0908732,0.024176,-0.0653894,-0.0501267,0.184967,-0.00218964
-0.576784,0.258332,0.251027,0.0388468,-0.101196,-0.0249518,0.184967,-0.00218964
-0.517523,0.189391,0.38202,0.0393738,-0.136708,-0.0127093,0.184967,-0.00218964
-0.40084,0.0913376,0.453491,0.0267595,-0.156737,0.00242132,0.184967,-0.00218964
-0.311492,-0.00477222,0.465734,0.00797731,-0.181732,0.00716078,0.184967,-0.00218964
-0.319467,-0.051094,0.419068,-0.00727369,-0.192156,0.0151705,0.184967,-0.00218964
-0.357522,-0.125687,0.337776,-0.0125354,-0.19578,-0.000955343,0.184967,-0.00218964
-0.362123,-0.137343,0.292839,-0.0139796,-0.188098,-0.0355613,0.184967,-0.00218964
-0.321723,-0.00661669,0.283172,-0.00781253,-0.190486,-0.0544064,0.184967,-0.00218964
-0.270997,0.102232,0.310339,0.00638437,-0.186537,-0.0844113,0.184967,-0.00218964
-0.218377,0.122462,0.369864,0.0205469,-0.185232,-0.14416,0.184967,-0.00218964
-0.0961181,0.0778123,0.427913,0.0374906,-0.172277,-0.197069,0.184967,-0.00218964
0.0440532,0.0756409,0.481519,0.0551024,-0.16329,-0.243696,0.184967,-0.00218964
0.170405,0.133522,0.543081,0.0685298,-0.153607,-0.289381,0.184967,-0.00218964
0.212948,0.315221,0.598839,0.0757203,-0.146732,-0.301617,0.184967,-0.00218964
0.169755,0.282763,0.615908,0.103604,-0.126605,-0.313577,0.184967,-0.00218964
-0.0236905,-0.0415641,0.57221,0.0950475,-0.0967748,-0.399689,0.184967,-0.00218964
-0.142445,-0.246957,0.376988,0.0641178,0.010059,-0.486277,0.184967,-0.00218964
-0.0271589,-0.0227836,0.285332,0.0128339,0.0876012,-0.482727,0.184967,-0.00218964
0.209972,0.428443,0.430761,-0.0264325,0.150806,-0.402357,0.184967,-0.00218964
0.484747,0.745412,0.805514,-0.0201985,0.170646,-0.282991,0.184967,-0.00218964
0.685411,0.827817,1.22424,-0.00308692,0.145791,-0.124972,0.184967,-0.00218964
0.762436,0.4771,1.37737,0.025435,0.126876,-0.0394804,0.184967,-0.00218964
0.726147,-0.0643954,1.14825,0.0359064,0.137841,-0.0162576,0.184967,-0.00218964
0.625253,-0.318292,0.708708,0.00575466,0.163824,0.0108549,0.184967,-0.00218964
0.520443,-0.109808,0.383987,-0.0381982,0.185624,0.0502201,0.184967,-0.00218964
0.480676,0.303317,0.318474,-0.0538209,0.196851,0.0786433,0.184967,-0.00218964
0.453282,0.681048,0.440438,-0.0423752,0.184749,0.12853,0.184967,-0.00218964
0.46864,0.753331,0.525208,-0.0218783,0.172751,0.167347,0.184967,-0.00218964
0.49755,0.650514,0.495554,-0.00227629,0.142797,0.206091,0.184967,-0.00218964
0.494661,0.487231,0.296645,0.00591885,0.125461,0.241994,0.184967,-0.00218964
0.456491,0.38634,0.0608874,-0.00493704,0.116202,0.273563,0.184967,-0.00218964
0.344225,0.482049,-0.0853938,-0.00759126,0.112526,0.313004,0.184967,-0.00218964
0.186396,0.674573,-0.123939,-0.00528421,0.110409,0.339727,0.184967,-0.00218964
0.0494743,0.804975,-0.0908872,0.00820634,0.10188,0.333116,0.184967,-0.00218964
-0.0285124,0.835529,0.013094,0.0181794,0.0814066,0.309607,0.184967,-0.00218964
-0.108929,0.732672,0.109535,0.0197381,0.0583083,0.288598,0.184967,-0.00218964
-0.199819,0.579787,0.0949501,0.0210204,0.0497291,0.267459,0.184967,-0.00218964
-0.284096,0.366212,0.0554702,0.0270221,0.0146515,0.236405,0.184967,-0.00218964
-0.361833,0.238193,0.059722,0.0309097,-0.00123063,0.225702,0.184967,-0.00218964
-0.426149,0.166043,0.132253,0.0424008,-0.0280421,0.204753,0.184967,-0.00218964
-0.498085,0.136575,0.225438,0.0547581,-0.055891,0.176796,0.184967,-0.00218964
-0.574779,0.193665,0.328446,0.066432,-0.0852714,0.154356,0.184967,-0.00218964
-0.609871,0.178992,0.392866,0.0800381,-0.112207,0.113973,0.184967,-0.00218964
-0.624208,0.163607,0.427448,0.090802,-0.136692,0.0800294,0.184967,-0.00218964
-0.624208,0.163607,0.427448,0.090802,-0.136692,0.0800294,0.182327,-0.0021286
-0.576578,0.0353032,0.446148,0.106847,-0.148519,0.0335126,0.182327,-0.0021286
-0.498013,-0.0975493,0.492981,0.110447,-0.158363,-0.00182301,0.182327,-0.0021286
-0.404766,-0.202588,0.555412,0.115867,-0.160948,-0.0304665,0.182327,-0.0021286
-0.297256,-0.2887,0.608304,0.109163,-0.155984,-0.0657671,0.182327,-0.0021286
-0.196052,-0.252889,0.632811,0.0921496,-0.147555,-0.0862502,0.182327,-0.0021286
-0.0797604,-0.159377,0.602446,0.0649803,-0.133419,-0.102735,0.182327,-0.0021286
0.0298814,-0.0243846,0.576126,0.0540588,-0.143875,-0.103225,0.182327,-0.0021286
0.122571,0.0476601,0.609573,0.0431166,-0.148546,-0.0861604,0.182327,-0.0021286
0.204135,-0.000560723,0.650769,0.035384,-0.154384,-0.0743408,0.182327,-0.0021286
0.258049,-0.0875545,0.645991,0.0286804,-0.155901,-0.0596247,0.182327,-0.0021286
0.28878,-0.14088,0.591347,0.0116282,-0.147095,-0.0518528,0.182327,-0.0021286
0.321033,-0.145342,0.537692,-0.00362694,-0.135825,-0.0608294,0.182327,-0.0021286
0.346249,-0.16892,0.510643,-0.0104292,-0.128172,-0.0751411,0.182327,-0.0021286
0.392148,-0.270681,0.493936,-0.0116219,-0.101481,-0.107767,0.182327,-0.0021286
0.491716,-0.321878,0.531071,-0.0112572,-0.0755143,-0.13437,0.182327,-0.0021286
0.547522,-0.371797,0.576135,0.00949325,-0.109477,-0.131638,0.182327,-0.0021286
0.454596,-0.542212,0.520426,0.0114903,-0.0604812,-0.1286,0.182327,-0.0021286
0.205218,-0.636525,0.431046,0.034549,-0.0825643,-0.118695,0.182327,-0.0021286
-0.0579714,-0.569289,0.311406,0.0406886,-0.00757533,-0.131159,0.182327,-0.0021286
-0.116593,-0.296946,0.353295,0.055375,0.0286811,-0.130303,0.182327,-0.0021286
0.0487047,-0.0884171,0.528889,0.0808721,0.0887416,-0.110252,0.182327,-0.0021286
0.396894,-0.147819,0.85423,0.0908963,0.113472,-0.0604668,0.182327,-0.0021286
0.727945,-0.451187,1.09307,0.100114,0.123745,0.00684059,0.182327,-0.0021286
0.9169,-0.817456,1.08246,0.117078,0.115448,0.0563504,0.182327,-0.0021286
0.916424,-0.89935,0.870375,0.0911953,0.138211,0.105806,0.182327,-0.0021286
0.774312,-0.630521,0.583905,0.0712564,0.162168,0.142907,0.182327,-0.0021286
0.583091,-0.227667,0.365435,0.0659989,0.172369,0.159811,0.182327,-0.0021286
0.356979,0.040955,0.210828,0.082862,0.163665,0.160003,0.182327,-0.0021286
0.0857157,0.145427,0.0983337,0.101095,0.162952,0.154194,0.182327,-0.0021286
-0.125711,0.209414,0.0267778,0.107556,0.164531,0.138347,0.182327,-0.0021286
-0.21146,0.307398,0.0255304,0.105816,0.152555,0.126886,0.182327,-0.0021286
-0.24517,0.422002,0.0799888,0.112879,0.127229,0.128316,0.182327,-0.0021286
-0.340275,0.54642,0.148549,0.126989,0.0983203,0.176195,0.182327,-0.0021286
-0.506831,0.521206,0.26631,0.147269,0.0495706,0.181494,0.182327,-0.0021286
-0.635364,0.51099,0.443961,0.165493,0.00603959,0.200887,0.182327,-0.0021286
-0.619762,0.225624,0.629819,0.154662,-0.0169529,0.145687,0.182327,-0.0021286
-0.561312,0.0983956,0.764833,0.145847,-0.0398711,0.118902,0.182327,-0.0021286
-0.451908,0.0300416,0.847227,0.120623,-0.0485176,0.0800116,0.182327,-0.0021286
-0.383369,0.0732502,0.90263,0.105279,-0.0621675,0.0641528,0.182327,-0.0021286
-0.39757,0.176227,0.938212,0.116022,-0.0760407,0.049786,0.182327,-0.0021286
-0.42011,0.275896,0.991668,0.120817,-0.0852412,0.0148917,0.182327,-0.0021286
-0.415286,0.386999,1.03383,0.130502,-0.0837602,-0.0200875,0.182327,-0.0021286
-0.382082,0.541381,1.05002,0.147247,-0.0741782,-0.0599227,0.182327,-0.0021286
-0.272965,0.738944,1.07492,0.139108,-0.0561336,-0.0881103,0.182327,-0.0021286
-0.142355,0.7851,1.06497,0.102752,-0.0774131,-0.102509,0.182327,-0.0021286
-0.0102017,0.647624,0.863572,0.077071,-0.0686098,-0.118759,0.182327,-0.0021286
0.210096,0.512465,0.579472,0.0396368,-0.0788905,-0.115932,0.182327,-0.0021286
0.403139,0.511246,0.330751,0.0250462,-0.0851029,-0.123135,0.182327,-0.0021286
0.508001,0.801475,0.19222,-0.00801171,-0.0591031,-0.0951063,0.182327,-0.0021286
0.508001,0.801475,0.19222,-0.00801171,-0.0591031,-0.0951063,0.221954,-0.00262451
0.575973,1.31002,0.333953,-0.0180381,-0.0374107,-0.0743399,0.221954,-0.00262451
0.479099,1.14899,0.691065,-0.0158213,-0.0954127,-0.10564,0.221954,-0.00262451
0.214245,0.608268,0.882409,-0.0217517,-0.0296056,-0.130341,0.221954,-0.00262451
-0.063717,0.272404,0.896827,-0.0230006,-0.0168621,-0.140246,0.221954,-0.00262451
-0.124836,0.269484,0.893592,-0.0859456,0.0512123,-0.193627,0.221954,-0.00262451
0.0413882,0.765335,1.10374,-0.143853,0.0924052,-0.166575,0.221954,-0.00262451
0.239735,0.989493,1.18164,-0.096272,0.114692,-0.172691,0.221954,-0.00262451
0.735992,0.181893,1.16357,0.0605199,0.076827,-0.140816,0.221954,-0.00262451
0.62035,0.34926,1.42174,-0.00725137,0.13585,-0.0761185,0.221954,-0.00262451
0.22549,0.801062,1.39469,0.00888282,0.128527,0.060791,0.221954,-0.00262451
-0.119742,0.716215,1.30412,0.0171794,0.124273,0.0517012,0.221954,-0.00262451
-0.234433,0.134162,1.24769,0.0525046,0.10405,0.0257958,0.221954,-0.00262451
