attitude_roll,attitude_pitch,attitude_yaw,rotationRate_x,rotationRate_y,rotationRate_z,acceleration_x,acceleration_y,acceleration_z
0.122222,0.295796,-0.0182315,-0.426617,0.546108,1.45303,0.0851289,0.0954109,0.144259
0.113677,0.286315,0.0259147,-0.467654,-0.28094,1.20727,0.0538743,0.0937289,0.0441487
0.0987909,0.280676,0.0490377,-0.311371,-0.499236,0.930025,0.0407883,0.0966622,0.0341709
0.0840455,0.277892,0.0662357,-0.126477,-0.463385,0.698392,0.0253072,0.0923527,0.0203295
0.0729092,0.277227,0.0792554,-0.060733,-0.271196,0.559372,0.022115,0.0713884,0.0194436
0.0668698,0.276108,0.0901948,-0.139534,-0.0385685,0.479169,0.0068626,0.0343018,0.0154848
0.0654483,0.272785,0.0994513,-0.241941,0.127696,0.385306,0.00853457,0.0194145,0.00478578
0.0666431,0.267844,0.107062,-0.282095,0.162907,0.318516,0.0143024,0.00755799,-0.00399882
0.0675992,0.263164,0.113792,-0.208329,0.116905,0.309204,0.030191,-0.0127969,-0.017316
0.0683988,0.260601,0.121055,-0.104922,0.129836,0.373889,0.0200065,-0.0377942,0.0139789
0.0676355,0.259795,0.129562,-0.0189418,0.0223442,0.419855,0.0119087,-0.0680993,-0.0196843
0.0651161,0.260835,0.137968,0.0448704,-0.067097,0.3883,0.0211305,-0.0839089,-0.00373775
0.0603168,0.261311,0.14588,-0.0706862,-0.229584,0.381993,0.0226377,-0.113204,-0.0303642
0.0505758,0.25863,0.153741,-0.221769,-0.540256,0.344488,0.0315715,-0.123104,-0.126856
0.0358676,0.254226,0.160204,-0.220328,-0.728512,0.26237,0.0328585,-0.104033,-0.199589
0.0196944,0.250871,0.165758,-0.12691,-0.720977,0.285342,0.0216185,-0.0763063,-0.249234
0.00494116,0.248051,0.172866,-0.22324,-0.52338,0.395818,0.0251173,-0.0872026,-0.271372
-0.00478365,0.238507,0.181506,-0.816805,-0.273244,0.408812,-0.033453,-0.056823,-0.296615
-0.012996,0.213103,0.187159,-1.6909,-0.521931,0.104835,-0.119653,0.04792,-0.455259
-0.0267724,0.174493,0.182516,-2.02551,-0.877381,-0.504112,-0.123021,0.184244,-0.567281
-0.0416228,0.138676,0.166243,-1.47622,-0.790088,-0.897137,-0.115329,0.294833,-0.498785
-0.0522194,0.119996,0.147813,-0.446347,-0.494969,-0.751543,-0.0921922,0.295917,-0.371246
-0.0583687,0.12005,0.136757,0.292265,-0.258449,-0.339105,-0.0536718,0.235576,-0.227363
-0.0616006,0.128022,0.133514,0.38774,-0.119113,-0.0630212,-0.0355608,0.161837,-0.106668
-0.0625953,0.133221,0.133619,0.10151,0.025331,0.0141609,-0.0610925,0.122147,-0.00732297
-0.0608598,0.132144,0.13373,-0.181131,0.147526,-0.00080781,-0.0858262,0.0951998,0.0624292
-0.0568285,0.127675,0.133257,-0.227316,0.230268,-0.0192933,-0.0877074,0.0709926,0.105982
-0.0521604,0.124483,0.132422,-0.0684838,0.206904,-0.0511209,-0.0734651,0.0561229,0.117698
-0.0490034,0.125342,0.131137,0.147414,0.0764553,-0.0819626,-0.0429838,0.0393361,0.130383
-0.0489118,0.130159,0.12963,0.303387,-0.0829151,-0.0821976,-0.0179122,0.0244604,0.144332
-0.0517723,0.137029,0.128409,0.363452,-0.214135,-0.0655287,-0.000768337,0.00928114,0.151729
-0.0569912,0.144686,0.127594,0.396814,-0.311679,-0.0641362,-0.00238113,0.0180527,0.147246
-0.0635224,0.153364,0.126551,0.467628,-0.333481,-0.0916299,-0.0163364,0.041634,0.141329
-0.0689369,0.16396,0.12503,0.580495,-0.204941,-0.127709,-0.0360149,0.058841,0.151649
-0.0705326,0.17705,0.123236,0.707467,0.0265089,-0.137693,-0.0488526,0.0723213,0.169908
-0.0675202,0.192408,0.121449,0.798183,0.22492,-0.14279,-0.0475914,0.0777438,0.191697
-0.0616958,0.208827,0.119251,0.808833,0.283559,-0.180699,-0.028077,0.0723634,0.21114
-0.0556175,0.224895,0.115845,0.761543,0.241722,-0.246709,0.00450633,0.0583468,0.225507
-0.0505418,0.239199,0.110813,0.600523,0.122458,-0.316308,0.0163975,0.03618,0.244961
-0.0495929,0.248546,0.104069,0.294591,-0.202601,-0.375107,0.0456383,0.0145344,0.179475
-0.0542586,0.252264,0.096236,0.054641,-0.427855,-0.38965,0.0661263,-0.0200713,0.133139
-0.0618547,0.252505,0.0889483,-0.033626,-0.490643,-0.280634,0.0938517,-0.0417197,0.0555646
-0.0695736,0.253501,0.0857407,0.138389,-0.315372,-0.0219583,0.089421,-0.0541823,-0.0217438
-0.0743075,0.257614,0.0884013,0.256675,-0.0977468,0.23799,0.0942655,-0.0846731,-0.0777668
-0.0766091,0.261994,0.0956546,0.227677,0.0428281,0.413795,0.0977567,-0.109599,-0.132325
-0.0773166,0.266094,0.10614,0.280777,0.159404,0.555062,0.0945102,-0.115941,-0.186865
-0.0766999,0.272738,0.119741,0.488412,0.271872,0.693788,0.0859537,-0.110879,-0.221893
-0.0750369,0.281902,0.136018,0.464132,0.299531,0.777435,0.102433,-0.145355,-0.222122
-0.0765032,0.28462,0.151868,-0.19451,-0.0795106,0.663927,0.0906114,-0.16661,-0.307321
-0.0850157,0.270328,0.16062,-1.09407,-0.413122,0.259458,0.0580563,-0.101834,-0.436449
-0.0895164,0.24521,0.15956,-1.2702,0.0513928,-0.125696,0.02082,0.0205005,-0.391708
-0.0754098,0.224795,0.153064,-0.756475,1.2723,-0.263825,0.00729594,0.102866,-0.229789
-0.0375457,0.214115,0.149532,-0.41454,2.30063,0.0452511,0.0511451,0.0379072,-0.00403839
-0.0375457,0.214115,0.149532,-0.41454,2.30063,0.0452511,0.0511451,0.0379072,-0.00403839
0.00997481,0.204796,0.154862,-0.563411,2.37252,0.451786,0.105422,-0.0968187,0.121891
0.0482496,0.191259,0.165799,-0.78539,1.53472,0.49517,0.117062,-0.173476,0.143526
0.0660277,0.176186,0.173084,-0.694191,0.366404,0.0808416,0.12007,-0.177141,0.0817851
0.0639792,0.165341,0.170581,-0.347445,-0.530959,-0.356786,0.125901,-0.148186,0.0392454
0.0514723,0.161755,0.161764,0.0389387,-0.745485,-0.479817,0.126392,-0.0873626,0.0375495
0.0408124,0.165327,0.153019,0.322148,-0.396239,-0.328651,0.129708,-0.0362153,0.058587
0.0389063,0.172583,0.148851,0.387297,0.146161,-0.0458907,0.130489,-0.0114081,0.0669338
0.0466971,0.180109,0.150076,0.35696,0.611091,0.17832,0.118931,0.00649938,0.0933778
0.060614,0.18786,0.154377,0.41633,0.82129,0.270458,0.0979291,0.0279435,0.105282
0.0767971,0.198054,0.159194,0.566384,0.84905,0.262205,0.0737955,0.0451203,0.143562
0.0918397,0.210962,0.163345,0.660134,0.715314,0.2531,0.057814,0.0591017,0.179581
0.104182,0.224833,0.167371,0.666437,0.622762,0.278803,0.0565374,0.0724001,0.221316
0.115435,0.238234,0.172559,0.585505,0.606161,0.373614,0.0515112,0.0789439,0.27077
0.125362,0.24959,0.180002,0.443596,0.560101,0.472849,0.0398207,0.089704,0.276076
0.133899,0.258397,0.189445,0.314414,0.522189,0.545949,0.0426554,0.0863114,0.260485
0.141043,0.265135,0.200913,0.188653,0.472866,0.637255,0.0492576,0.0714267,0.238265
0.145524,0.269045,0.214547,0.00665553,0.313971,0.703279,0.0493542,0.0665926,0.199212
0.145758,0.269634,0.229618,-0.142108,0.10397,0.739592,0.0600477,0.0703036,0.120594
0.142002,0.268816,0.245909,-0.140702,-0.0403169,0.793325,0.0466477,0.0940965,0.0180572
0.135176,0.2691,0.262661,-0.0496992,-0.199918,0.795647,0.0374894,0.119441,-0.0755758
0.125364,0.27143,0.278852,0.0845658,-0.341687,0.775627,0.0323432,0.137555,-0.15695
0.113525,0.275559,0.294153,0.12166,-0.408024,0.716188,-0.00573593,0.185811,-0.217017
0.101786,0.278118,0.307453,-0.0322952,-0.383106,0.566927,-0.0523716,0.239528,-0.244316
0.0914652,0.275451,0.317854,-0.360131,-0.393574,0.404046,-0.085682,0.244317,-0.232714
0.0787775,0.263638,0.326079,-0.899937,-0.676592,0.284492,-0.131504,0.212605,-0.262155
0.0602097,0.240365,0.331277,-1.42327,-1.0393,-0.000497652,-0.211977,0.191289,-0.307105
0.0361052,0.208217,0.326916,-1.69942,-1.50097,-0.593941,-0.214349,0.168889,-0.376378
0.00316911,0.174527,0.310839,-1.5483,-2.04821,-0.968779,-0.144524,0.0877961,-0.462904
-0.0380918,0.14921,0.291233,-0.926309,-2.28023,-0.843781,-0.0861199,0.0596377,-0.460727
-0.0787597,0.140172,0.278366,-0.0569212,-1.84474,-0.328256,-0.0563097,0.0272714,-0.342055
-0.106852,0.14451,0.278349,0.389962,-0.910752,0.254136,-0.0897293,-0.00780168,-0.172821
-0.117764,0.151478,0.287055,0.34552,-0.125121,0.43694,-0.126911,-0.0276438,-0.0433221
-0.117631,0.155614,0.294189,0.147609,0.178963,0.144107,-0.144419,-0.043973,0.00605297
-0.113025,0.157462,0.29131,0.0149154,0.210317,-0.475854,-0.126388,-0.031146,0.0340613
-0.106175,0.158727,0.275256,-0.0541003,0.247302,-1.06001,-0.0715952,-0.0114789,0.0774956
-0.0944952,0.159797,0.25099,-0.0724392,0.580818,-1.26209,-0.0319085,0.0270987,0.174734
-0.074219,0.160478,0.226284,-0.0644628,1.01769,-1.12061,0.002733,0.0646359,0.251966
-0.0480919,0.160434,0.205919,-0.0655927,1.21727,-0.889416,0.0394299,0.0369288,0.28573
-0.0213388,0.15974,0.188978,-0.0576627,1.11672,-0.795708,0.0355003,0.0351907,0.316252
0.000196046,0.159181,0.172569,-0.00568308,0.741857,-0.836049,0.0198565,0.0254831,0.318534
0.0133707,0.159773,0.154425,0.077859,0.27426,-0.9433,0.0189655,0.0151883,0.327507
0.017305,0.161418,0.134381,0.10574,-0.180377,-1.00829,0.02592,0.012082,0.328588
0.01414,0.162719,0.114147,0.0520608,-0.431728,-0.960668,0.0468993,0.00543162,0.335462
0.00684258,0.163243,0.0956796,0.0444477,-0.577208,-0.847283,0.0618367,0.0135781,0.293796
-0.0025279,0.164976,0.0797365,0.125449,-0.597429,-0.722156,0.0694949,0.0156847,0.256957
-0.012001,0.167482,0.0659791,0.0952248,-0.555731,-0.640454,0.066978,0.00953457,0.22344
-0.0199894,0.168309,0.0532922,-0.0432173,-0.439613,-0.600652,0.0749271,-0.00809774,0.186677
-0.0252577,0.166043,0.0418045,-0.206932,-0.273752,-0.519074,0.0809227,-0.0404225,0.128327
-0.0279147,0.160882,0.0321817,-0.309317,-0.161831,-0.399381,0.100213,-0.0707838,0.042366
-0.0298283,0.15548,0.0258973,-0.205892,-0.107531,-0.192621,0.108703,-0.087867,-0.0852408
-0.0299698,0.153362,0.0239558,-0.0331375,0.066001,-0.00213917,0.099331,-0.110071,-0.153019
-0.0299698,0.153362,0.0239558,-0.0331375,0.066001,-0.00213917,0.099331,-0.110071,-0.153019
-0.0270476,0.152778,0.0251058,-0.0385602,0.250956,0.108742,0.101879,-0.156318,-0.199601
-0.0204511,0.151479,0.0281455,-0.0772355,0.440247,0.19889,0.102506,-0.191309,-0.212769
-0.0114554,0.150238,0.0336088,-0.0122224,0.517328,0.349941,0.101979,-0.214951,-0.241523
-0.00250663,0.151551,0.042426,0.146874,0.487991,0.52585,0.10488,-0.223678,-0.258169
0.00454747,0.155642,0.0550884,0.251405,0.411198,0.722971,0.115533,-0.247253,-0.263059
0.00954988,0.161005,0.0717715,0.233665,0.345266,0.908625,0.113911,-0.257888,-0.235436
0.0120717,0.163774,0.091097,-0.0152102,0.17225,0.963922,0.105583,-0.257047,-0.233378
0.00801767,0.159156,0.109369,-0.471822,-0.299531,0.778786,0.0779297,-0.211007,-0.340322
-0.00203419,0.147224,0.121669,-0.630359,-0.413388,0.439923,0.0770244,-0.141622,-0.405809
-0.00744995,0.13771,0.129393,-0.230496,0.086769,0.408873,0.114878,-0.0354085,-0.413486
0.00128954,0.139566,0.142091,0.400939,0.935524,0.911972,0.123937,0.052733,-0.313374
0.0216395,0.1515,0.167403,0.684006,1.35215,1.56631,0.127215,0.0557214,-0.187909
0.0419305,0.166135,0.202365,0.628754,1.12708,1.83847,0.109523,0.0240141,-0.0767998
0.0527038,0.179369,0.238428,0.529059,0.551669,1.70997,0.0721586,0.0117371,-0.00324965
0.0528301,0.191376,0.270282,0.506109,0.0984631,1.4736,0.0452197,0.0221651,0.0833553
0.0484353,0.202447,0.298559,0.439374,0.0757777,1.35692,0.0379301,0.0372339,0.190846
0.0466164,0.211151,0.325486,0.301381,0.314864,1.30789,0.0397779,0.049689,0.275236
0.0499715,0.217187,0.351806,0.179278,0.567497,1.27619,0.0431264,0.0552354,0.323693
0.0575036,0.221169,0.37744,0.0902524,0.717088,1.22703,0.0446055,0.0516918,0.347518
0.0666734,0.223692,0.401943,0.0163019,0.708545,1.15781,0.0411607,0.0454547,0.355563
0.0748937,0.225364,0.424882,0.0035669,0.605263,1.08044,0.0451561,0.0355339,0.357067
0.0808191,0.227593,0.446462,0.0540777,0.44583,1.0293,0.0490058,0.0312665,0.357309
0.0825424,0.231107,0.467135,0.13966,0.17938,0.996721,0.0741928,0.0312402,0.322028
0.07867,0.236516,0.487204,0.225099,-0.0915768,0.976091,0.0956571,0.0256226,0.287498
0.0700306,0.242601,0.506539,0.224512,-0.32627,0.924497,0.107369,0.0311064,0.252029
0.0568763,0.248006,0.524705,0.207312,-0.515781,0.866883,0.141824,0.0303992,0.152544
0.0417109,0.252653,0.541931,0.155734,-0.566922,0.802916,0.134064,0.0543404,0.0659518
0.02606,0.255127,0.557416,0.0411432,-0.587908,0.695975,0.124643,0.0816377,-0.0510079
0.011462,0.256485,0.571027,0.114506,-0.485525,0.623423,0.103644,0.134877,-0.181305
0.00240797,0.2608,0.58315,0.278,-0.0601091,0.539921,0.0798573,0.159816,-0.228902
0.00545337,0.265566,0.59342,0.143427,0.660892,0.449556,0.054949,0.154607,-0.204031
0.0235455,0.265392,0.602002,-0.169797,1.31832,0.37064,0.0231184,0.149098,-0.178497
0.0517092,0.259698,0.608734,-0.387129,1.58652,0.242328,0.004292,0.140425,-0.184528
0.0815829,0.251482,0.612921,-0.436987,1.43865,0.118255,-0.0203659,0.140746,-0.208154
0.106703,0.242936,0.615447,-0.428834,1.11329,0.0508506,-0.0539345,0.139006,-0.202731
0.125705,0.234423,0.616966,-0.451634,0.823402,-0.0171011,-0.0635959,0.0988131,-0.162422
0.140139,0.222685,0.616564,-0.764504,0.613514,-0.205307,-0.0570997,0.0242554,-0.120649
0.15125,0.200668,0.611989,-1.34623,0.360023,-0.575486,-0.0475376,-0.0255446,-0.140263
0.156939,0.167778,0.600784,-1.60738,-0.0130657,-0.99616,-0.0457486,0.0101164,-0.262685
0.156168,0.136255,0.582858,-1.10251,-0.273664,-1.16632,-0.0117432,0.0748595,-0.370705
0.152665,0.119737,0.564215,-0.230572,-0.290488,-0.819713,0.00889818,0.139776,-0.340042
0.148685,0.121184,0.554378,0.449284,-0.235158,-0.0980357,-0.00325246,0.118706,-0.230841
0.142926,0.132656,0.556657,0.563695,-0.341695,0.411771,-0.0663896,0.0651444,-0.116809
0.132347,0.143396,0.564644,0.374537,-0.599637,0.443233,-0.138495,0.0107792,-0.0519999
0.118204,0.149995,0.569978,0.226754,-0.687898,0.128277,-0.209928,0.015263,-0.00694317
0.106569,0.154057,0.568378,0.204569,-0.438045,-0.226099,-0.243093,0.0200712,0.0287696
0.103629,0.157897,0.560941,0.258658,0.0538283,-0.429954,-0.234633,0.0241697,0.0835959
0.110742,0.162871,0.551144,0.342154,0.446293,-0.448869,-0.208037,0.00779358,0.152749
0.122538,0.169775,0.541809,0.448961,0.532244,-0.382424,-0.183874,-0.0144809,0.207923
0.133571,0.17889,0.533135,0.556656,0.38186,-0.34919,-0.162482,-0.0341446,0.269191
0.13996,0.189726,0.52429,0.62594,0.0845881,-0.368707,-0.147132,-0.0497833,0.307811
0.13996,0.189726,0.52429,0.62594,0.0845881,-0.368707,-0.147132,-0.0497833,0.307811
0.140527,0.201629,0.514576,0.669843,-0.209682,-0.403309,-0.135336,-0.0499324,0.336111
0.136159,0.21341,0.504082,0.616203,-0.426618,-0.452274,-0.132522,-0.049376,0.349434
0.128727,0.223212,0.492363,0.505149,-0.552131,-0.55589,-0.112431,-0.0451618,0.324224
0.120436,0.230942,0.478789,0.414357,-0.575782,-0.647115,-0.0918542,-0.0399191,0.283951
0.11149,0.236567,0.464166,0.311859,-0.662217,-0.685441,-0.0628114,-0.0309835,0.196352
0.101006,0.240924,0.449222,0.277745,-0.734487,-0.708429,-0.0331178,-0.0237594,0.115781
0.0890844,0.244626,0.433729,0.237303,-0.824846,-0.745418,-0.00517169,-0.0170987,0.032268
0.0762363,0.248365,0.417867,0.275274,-0.803944,-0.742753,0.00640526,-0.0030666,-0.0313941
0.0656324,0.253325,0.402232,0.304505,-0.614567,-0.723677,0.00488248,0.00811645,-0.0391421
0.0601247,0.257952,0.387325,0.239346,-0.303821,-0.669749,0.0105184,0.00407884,-0.0147827
0.0606277,0.260959,0.373907,0.132235,0.00333873,-0.603274,0.0175717,-0.0163615,0.0216648
0.0655709,0.261255,0.361636,-0.0292872,0.131929,-0.58408,0.0276266,-0.0557937,0.0429853
0.0713256,0.258535,0.348905,-0.145978,0.117688,-0.671653,0.0288358,-0.0849113,0.0072456
0.0770737,0.253238,0.33453,-0.297276,0.0882785,-0.710597,0.0728582,-0.127481,-0.02517
0.0813717,0.24394,0.323002,-0.546464,0.0722883,-0.416013,0.12132,-0.190464,-0.075267
0.0841247,0.230138,0.320776,-0.814149,0.1282,0.088177,0.131141,-0.2378,-0.129219
0.0829325,0.210868,0.327948,-1.15384,-0.166781,0.390045,0.134986,-0.212292,-0.286986
0.0722136,0.187189,0.33838,-1.17726,-0.694565,0.402595,0.108812,-0.124235,-0.515879
0.0537418,0.169556,0.347325,-0.543075,-0.911318,0.386298,0.102694,-0.0203417,-0.645616
0.0354156,0.168159,0.357902,0.342715,-0.676223,0.696205,0.0968661,0.0467772,-0.580962
0.0229109,0.181844,0.377188,0.878519,-0.233206,1.23383,0.0933136,0.0667994,-0.392799
0.0161854,0.200892,0.405914,0.900866,0.0555337,1.5465,0.104151,0.0318188,-0.190238
0.00978335,0.217165,0.437196,0.659119,-0.103696,1.46094,0.106032,0.0019609,-0.0625817
-0.00167518,0.227936,0.464055,0.423288,-0.459079,1.13762,0.118148,-0.0100254,0.0243961
-0.0179749,0.235346,0.484334,0.352893,-0.646241,0.832935,0.123512,0.00745666,0.0579546
-0.0334588,0.241871,0.500102,0.328445,-0.473942,0.701232,0.144433,0.0306728,0.095287
-0.0429902,0.247625,0.514944,0.296386,-0.113653,0.731059,0.178629,0.0514222,0.12563
-0.046283,0.252702,0.531622,0.285824,0.178634,0.858381,0.204251,0.0595614,0.138514
-0.0456184,0.257658,0.550781,0.2886,0.341709,0.953023,0.222656,0.0664774,0.156154
-0.0435812,0.262436,0.571063,0.278118,0.36494,0.959265,0.240776,0.0752914,0.157455
-0.0418555,0.267969,0.590972,0.38232,0.329202,0.937432,0.269751,0.108524,0.145046
-0.0404783,0.277117,0.611992,0.609992,0.391163,1.0616,0.275023,0.134408,0.178529
-0.0380934,0.290172,0.636924,0.751733,0.547894,1.2741,0.273934,0.149338,0.242625
-0.0340624,0.304105,0.666458,0.707675,0.701081,1.48192,0.267402,0.145295,0.304071
-0.0289503,0.316077,0.699821,0.575593,0.805576,1.62729,0.247651,0.128498,0.351523
-0.0237493,0.325221,0.73533,0.42119,0.804503,1.68437,0.229595,0.103774,0.375673
-0.0197747,0.3312,0.771186,0.247174,0.734937,1.6658,0.206321,0.0798624,0.376941
-0.0170303,0.333934,0.805978,0.0888723,0.675663,1.59834,0.181586,0.0558045,0.355741
-0.0146506,0.333407,0.839262,-0.102679,0.656184,1.54124,0.169636,0.0241334,0.335945
-0.0116825,0.328694,0.871514,-0.319751,0.694962,1.49701,0.147196,-0.0133591,0.300129
-0.00706277,0.32029,0.902412,-0.489105,0.72853,1.42091,0.132878,-0.0440145,0.25924
-0.00177487,0.308702,0.931395,-0.648767,0.696476,1.32049,0.105802,-0.0724293,0.187514
0.00456503,0.294744,0.95784,-0.717302,0.708988,1.19042,0.0756795,-0.0773942,0.120654
0.0117837,0.281208,0.981676,-0.628388,0.683103,1.07643,0.0627761,-0.0978189,0.0329807
0.0189959,0.270281,1.00326,-0.483631,0.630792,0.975929,0.0446831,-0.108333,-0.0331669
0.0264914,0.262597,1.02319,-0.329657,0.636808,0.928698,0.0336391,-0.120079,-0.0721717
0.0346073,0.257517,1.04254,-0.249755,0.664999,0.91912,0.0288574,-0.14423,-0.107086
0.0432007,0.25299,1.0616,-0.286462,0.660768,0.878088,0.00829734,-0.143942,-0.143666
0.0515718,0.247489,1.07893,-0.328972,0.598437,0.767117,-0.00884056,-0.113001,-0.186605
0.0594673,0.241915,1.09487,-0.317694,0.557184,0.733358,-0.0165487,-0.155946,-0.225171
0.0653979,0.235592,1.10914,-0.420135,0.333042,0.577723,-0.0203637,-0.132014,-0.272286
0.0659451,0.225643,1.11823,-0.609367,-0.0792297,0.20714,-0.0255153,-0.0821754,-0.332262
0.0659451,0.225643,1.11823,-0.609367,-0.0792297,0.20714,-0.0255153,-0.0821754,-0.332262
0.0624864,0.213941,1.11982,-0.509346,-0.132728,-0.0786195,-0.0587486,0.0257588,-0.335084
0.0639216,0.206746,1.11855,-0.177115,0.314587,-0.0371566,-0.0639674,0.119064,-0.264185
0.0763633,0.206983,1.12124,0.157774,0.955351,0.337905,-0.0591883,0.159182,-0.134274
0.0962953,0.212924,1.13237,0.314547,1.15828,0.780594,-0.0370142,0.166702,-0.047863
0.113167,0.222238,1.15084,0.407323,0.853105,1.07527,-0.0132093,0.145706,0.0236412
0.119643,0.233423,1.17344,0.430492,0.290438,1.2136,-0.0151996,0.125077,0.0782607
0.114179,0.244483,1.19804,0.368554,-0.234528,1.25604,-0.0248495,0.0957233,0.12729
0.10011,0.253113,1.22278,0.215579,-0.515792,1.1922,-0.0273765,0.0621559,0.178531
0.0833706,0.257385,1.24571,-0.0027638,-0.545255,1.02938,-0.0252483,0.0315909,0.211243
0.068107,0.256202,1.26482,-0.255809,-0.488416,0.781824,-0.0185308,0.00716224,0.205702
0.0555635,0.249837,1.27838,-0.438015,-0.419826,0.479538,-0.00998747,-0.00080055,0.160923
0.0461657,0.240402,1.28585,-0.522086,-0.323597,0.208168,0.00817166,0.00474076,0.107476
0.0408003,0.229919,1.28892,-0.525417,-0.117585,0.0663031,0.0307953,0.0111019,0.0786179
0.0408138,0.219813,1.29047,-0.480469,0.142151,0.0650263,0.0503588,0.0172266,0.0763675
0.0447594,0.210952,1.29309,-0.406552,0.279169,0.161008,0.07049,0.012354,0.081055
0.0491458,0.203372,1.298,-0.372758,0.229516,0.281976,0.0753911,-0.000587329,0.092268
0.0504492,0.19629,1.30523,-0.365082,0.0308453,0.379541,0.0760136,-0.0201473,0.0957142
0.0475857,0.189511,1.31416,-0.348944,-0.132159,0.45652,0.0723635,-0.0392211,0.0927554
0.0419568,0.182975,1.32481,-0.348861,-0.226713,0.557927,0.0714114,-0.0553641,0.072453
0.0341576,0.17642,1.33748,-0.352526,-0.334078,0.653074,0.0884494,-0.0875704,0.0222952
0.0232678,0.16931,1.35149,-0.398613,-0.533451,0.673497,0.116242,-0.114807,-0.0577327
0.00819324,0.161041,1.36486,-0.43347,-0.716467,0.634003,0.169983,-0.121789,-0.169939
-0.00744735,0.152287,1.37858,-0.432556,-0.575656,0.743432,0.198767,-0.115955,-0.266804
-0.017557,0.144388,1.39627,-0.29839,-0.132682,1.03064,0.215555,-0.0900304,-0.371276
-0.0181365,0.140773,1.42102,0.00131917,0.405823,1.43011,0.189618,-0.0553702,-0.434875
-0.0116642,0.14323,1.45387,0.266853,0.638215,1.76823,0.17399,-0.0799764,-0.4683
-0.00532051,0.149165,1.49118,0.311931,0.464878,1.86394,0.137387,-0.0785605,-0.473261
-0.00570124,0.154698,1.52816,0.268404,0.0626946,1.74249,0.0837276,-0.0408336,-0.514048
-0.0110551,0.161287,1.5618,0.45671,0.00906212,1.57135,0.0386672,0.0249684,-0.481758
-0.0126328,0.173453,1.59316,0.789445,0.395387,1.50708,0.00591215,0.0967789,-0.3574
-0.00589072,0.190977,1.6241,0.932815,0.809382,1.50274,0.0144964,0.109405,-0.203516
0.00627207,0.208692,1.65431,0.798183,0.941956,1.42803,0.0399914,0.0933496,-0.0851014
0.0175782,0.222826,1.68175,0.576755,0.732364,1.23802,0.0536123,0.0768065,-0.0362264
0.0246303,0.233474,1.70444,0.462846,0.503552,0.990094,0.068707,0.0788162,-0.00975674
0.0299879,0.24336,1.72308,0.481515,0.501868,0.869479,0.0707536,0.0935806,0.0320023
0.036809,0.254179,1.74087,0.538193,0.624293,0.895294,0.0710864,0.105043,0.0802668
0.0455628,0.266283,1.76013,0.581384,0.723034,1.00695,0.0647161,0.106165,0.134699
0.0543851,0.27896,1.78135,0.563491,0.70438,1.07426,0.0509383,0.104747,0.190909
0.0616051,0.290931,1.80297,0.507065,0.622653,1.04512,0.0303156,0.109766,0.240172
0.0677366,0.302235,1.82348,0.494479,0.590436,0.974764,0.0119059,0.119036,0.291229
0.0739465,0.313451,1.84263,0.484995,0.613041,0.918453,-0.00381211,0.127069,0.332373
0.0809414,0.324269,1.86071,0.443168,0.638522,0.866872,-0.00478564,0.126004,0.362673
0.0882954,0.333943,1.87771,0.363563,0.626578,0.810185,-0.00205626,0.117658,0.36315
0.0950742,0.341557,1.89372,0.253698,0.562505,0.755735,0.00817852,0.103662,0.33573
0.0998985,0.347131,1.9086,0.173534,0.396694,0.677979,0.0249908,0.08689,0.266139
0.101255,0.351578,1.92182,0.144062,0.173741,0.602849,0.04594,0.0813034,0.177491
0.0983057,0.355117,1.93375,0.094564,-0.0525541,0.544398,0.0588553,0.096067,0.0626873
0.0918318,0.357666,1.9446,0.0722747,-0.178721,0.48736,0.0641402,0.121848,-0.0618289
0.0864796,0.36034,1.95432,0.121474,0.0422991,0.436168,0.0415965,0.156121,-0.134996
0.0886175,0.364103,1.96252,0.166034,0.466184,0.353811,0.0128967,0.186632,-0.160074
0.0990319,0.367175,1.96941,0.0602297,0.781478,0.323312,0.000157781,0.172106,-0.154129
0.0990319,0.367175,1.96941,0.0602297,0.781478,0.323312,0.000157781,0.172106,-0.154129
0.11395,0.366644,1.97651,-0.206888,0.923152,0.331765,-0.0279452,0.133356,-0.131921
0.129661,0.359988,1.98467,-0.52987,0.922318,0.323005,-0.0650107,0.0688159,-0.13447
0.144952,0.348245,1.99219,-0.698611,0.8297,0.191596,-0.0923023,0.0165571,-0.144622
0.157591,0.334143,1.9963,-0.726522,0.530497,-0.0230666,-0.0917558,-0.0114414,-0.18405
0.163962,0.319515,1.99575,-0.710292,0.0560793,-0.27516,-0.0854331,-0.0229147,-0.220221
0.160943,0.30334,1.98904,-0.789098,-0.55758,-0.62437,-0.0792943,0.0126525,-0.290091
0.149296,0.284607,1.97515,-0.814935,-0.945053,-0.962005,-0.0939458,0.0719023,-0.365953
0.135176,0.267769,1.95514,-0.525686,-0.93951,-1.13807,-0.0890535,0.145714,-0.408508
0.125399,0.259545,1.93277,0.00895927,-0.58247,-1.06177,-0.0724194,0.20415,-0.372015
0.122573,0.261877,1.91266,0.399764,-0.252725,-0.828675,-0.064524,0.218015,-0.280767
0.123282,0.269202,1.89573,0.488843,-0.150682,-0.728718,-0.0455734,0.185518,-0.167494
0.124276,0.276936,1.87896,0.460922,-0.224808,-0.784092,-0.041536,0.142367,-0.0522651
0.123367,0.283546,1.86064,0.408239,-0.362681,-0.871596,-0.0469129,0.117286,0.0361622
0.120865,0.28917,1.84077,0.374064,-0.43474,-0.937088,-0.0492193,0.101075,0.120052
0.1181,0.293792,1.81986,0.309524,-0.423391,-0.980917,-0.047119,0.0842616,0.195068
0.11652,0.296773,1.79861,0.22027,-0.342648,-0.988391,-0.0397939,0.065019,0.257708
0.11657,0.297855,1.7776,0.119641,-0.264323,-0.979347,-0.0307258,0.04286,0.293261
0.117847,0.296926,1.75763,0.0123942,-0.197336,-0.905401,-0.0223415,0.0306804,0.307488
0.119285,0.294575,1.74001,-0.0314877,-0.189266,-0.786346,-0.00897251,0.0201155,0.282782
0.118954,0.292442,1.72463,-0.00227948,-0.310179,-0.701505,0.00568875,-0.000298381,0.249345
0.114955,0.291443,1.71039,0.0675534,-0.488618,-0.657882,0.000379607,-0.00766307,0.223588
0.10741,0.292328,1.69722,0.164192,-0.643275,-0.56962,-0.00411468,-0.0154977,0.209702
0.096255,0.295557,1.68582,0.263829,-0.784457,-0.483095,-0.00403337,-0.0278344,0.182498
0.0831083,0.300577,1.67559,0.297785,-0.801136,-0.450381,-0.00638437,-0.0478162,0.17036
0.0704264,0.304873,1.66551,0.183569,-0.752539,-0.483768,-0.00585911,-0.0738967,0.145444
0.0594616,0.305663,1.65414,-0.0373917,-0.66747,-0.596542,0.00599583,-0.0984431,0.106595
0.0520327,0.302412,1.64069,-0.187289,-0.449117,-0.678971,0.0226623,-0.110028,0.0645959
0.0499156,0.297826,1.62666,-0.184261,-0.187692,-0.667818,0.0455481,-0.121016,0.0314156
0.051132,0.29401,1.61367,-0.142756,-0.0951291,-0.574973,0.0891144,-0.144046,-0.0160241
0.0521693,0.290149,1.60322,-0.199714,-0.0977226,-0.434887,0.12464,-0.160957,-0.0590936
0.0528737,0.285428,1.59639,-0.227544,-0.00655261,-0.226275,0.157434,-0.171114,-0.0999358
0.0550717,0.280981,1.59478,-0.207972,0.187957,0.0501773,0.183031,-0.202956,-0.121346
0.059785,0.276723,1.59899,-0.258107,0.385869,0.315559,0.196064,-0.228336,-0.128996
0.0661558,0.270731,1.60728,-0.391439,0.439299,0.407545,0.189459,-0.238271,-0.163471
0.0708356,0.261818,1.61558,-0.547405,0.199366,0.301721,0.166682,-0.216123,-0.249087
0.070752,0.250676,1.62137,-0.56216,-0.031978,0.203484,0.174803,-0.158451,-0.343127
0.0689814,0.241863,1.62727,-0.314562,0.0422364,0.359009,0.212132,-0.0751093,-0.385816
0.0696899,0.240955,1.6393,0.162014,0.324928,0.832355,0.229284,-0.0108665,-0.389477
0.0733081,0.250209,1.66119,0.569486,0.526806,1.30228,0.22486,0.00929472,-0.346211
0.0766182,0.265123,1.68904,0.648753,0.476126,1.4149,0.19609,-0.0064199,-0.26061
0.0775332,0.278908,1.71607,0.505842,0.350825,1.24735,0.150651,-0.0167315,-0.161878
0.0784287,0.289538,1.73912,0.394746,0.41542,1.03741,0.111925,-0.000364244,-0.053588
0.0832736,0.298578,1.75872,0.362363,0.648516,0.91341,0.0970164,0.015628,0.0448967
0.0936735,0.307173,1.77675,0.336623,0.915611,0.881937,0.0859974,0.0324372,0.133889
0.108272,0.315168,1.79455,0.274253,1.04614,0.870534,0.0770104,0.0345091,0.213747
0.123672,0.321631,1.81171,0.175322,0.999583,0.81095,0.0655555,0.0371073,0.269142
0.137335,0.325922,1.82764,0.0500569,0.859235,0.7378,0.0526616,0.0376964,0.318975
0.148397,0.327695,1.84253,-0.0718774,0.712756,0.684566,0.0370628,0.0467613,0.352152
0.156913,0.327523,1.85708,-0.149491,0.613559,0.675826,0.0223402,0.0572185,0.357832
0.16464,0.326101,1.87237,-0.23516,0.661593,0.732556,0.00651374,0.0701842,0.364695
0.173782,0.323171,1.88941,-0.31637,0.797955,0.797928,-0.00197063,0.0839779,0.350134
0.173782,0.323171,1.88941,-0.31637,0.797955,0.797928,-0.00197063,0.0839779,0.350134
0.185712,0.319732,1.90751,-0.309361,0.947477,0.81504,-0.0101576,0.0891531,0.30882
0.19972,0.317709,1.92522,-0.192573,0.965105,0.781405,-0.012486,0.0888345,0.245982
0.212756,0.318445,1.94125,-0.0598902,0.801006,0.713766,0.00397506,0.0714516,0.172512
0.221525,0.320185,1.95544,-0.0913221,0.508336,0.631492,0.0225742,0.0552819,0.10274
0.224885,0.320206,1.96834,-0.174981,0.231811,0.566157,0.0465193,0.0460546,0.0229419
0.223732,0.318865,1.9807,-0.204544,0.0819517,0.538159,0.0408554,0.0571111,-0.0651339
0.22257,0.317314,1.9922,-0.187433,0.190109,0.475592,0.00962836,0.0844007,-0.11384
0.225617,0.315491,2.00136,-0.189612,0.400382,0.320722,-0.0270893,0.11462,-0.142174
0.233859,0.311868,2.0071,-0.309076,0.592227,0.117184,-0.0581555,0.130537,-0.125903
0.247055,0.303305,2.00941,-0.593264,0.815532,-0.105151,-0.0669594,0.132203,-0.0909039
0.266334,0.286741,2.00916,-1.01142,1.08695,-0.336618,-0.0698179,0.127478,-0.0610672
0.291805,0.260863,2.00706,-1.38359,1.41101,-0.570169,-0.0639443,0.100184,-0.0773767
0.324431,0.227352,2.00327,-1.68172,1.73357,-0.773441,-0.0560497,0.0816302,-0.0987753
0.361118,0.187358,1.99903,-1.89605,1.74605,-0.981556,-0.0524593,0.0264129,-0.156537
0.392533,0.143847,1.99086,-1.75823,1.16316,-1.38215,-0.0577634,0.0190074,-0.309873
0.409338,0.103463,1.97379,-1.24572,0.298033,-1.67863,-0.0248561,0.0327063,-0.446454
0.411081,0.0733756,1.9514,-0.612177,-0.236302,-1.4647,0.0178869,0.0587224,-0.474007
0.406154,0.0579048,1.93229,-0.0752382,-0.330587,-0.864885,0.0307998,0.0516927,-0.407661
0.400237,0.0554444,1.92011,0.303868,-0.337662,-0.399247,0.0124055,0.0273703,-0.320879
0.393069,0.0611841,1.91104,0.548059,-0.463849,-0.255498,-0.0323942,-0.0110129,-0.210391
0.381186,0.0706016,1.90091,0.702047,-0.8222,-0.361577,-0.103135,-0.0369552,-0.116401
0.36289,0.0817122,1.88488,0.911963,-1.04892,-0.750317,-0.167438,-0.0363902,-0.0371929
0.344251,0.0932069,1.86062,0.933682,-0.990588,-1.06278,-0.130536,-0.0569676,0.080126
0.329385,0.101066,1.83498,0.600131,-0.72381,-1.02648,-0.0833312,-0.0400357,0.168738
0.319476,0.102782,1.81449,0.23355,-0.4943,-0.840805,-0.041797,-0.0328204,0.183876
0.311814,0.100981,1.79841,0.140289,-0.461164,-0.741268,-0.0181131,-0.0201773,0.145096
0.303213,0.100646,1.78338,0.303297,-0.555321,-0.691029,-0.0132486,-0.00113182,0.114729
0.292509,0.104699,1.76833,0.509457,-0.659578,-0.60193,0.00492615,0.00917075,0.126642
0.280704,0.112784,1.75514,0.605021,-0.648928,-0.413917,0.0259825,0.00933435,0.17375
0.269653,0.122757,1.74581,0.582644,-0.555232,-0.212747,0.02644,0.00474239,0.22254
0.260009,0.132642,1.73976,0.517765,-0.488411,-0.125133,0.014975,-0.00017789,0.240721
0.251074,0.141068,1.73475,0.409705,-0.486845,-0.15522,0.000269666,-0.0089054,0.24357
0.241515,0.146927,1.72925,0.296919,-0.548238,-0.227084,-0.00329031,-0.00837061,0.214253
0.230538,0.150936,1.72298,0.230527,-0.636259,-0.276773,0.00950891,-0.0163385,0.177334
0.21839,0.153091,1.71638,0.126778,-0.666718,-0.298072,0.0253317,-0.020205,0.136247
0.206117,0.154199,1.71088,0.107538,-0.623416,-0.192551,0.0582967,-0.0330875,0.0811412
0.194606,0.15545,1.70769,0.051677,-0.590489,-0.111156,0.0634839,-0.0467136,0.0403385
0.182566,0.154982,1.70584,-0.046193,-0.634341,-0.0545636,0.0957541,-0.0591388,-0.0542384
0.169743,0.154418,1.70658,-0.0105141,-0.620817,0.12037,0.117429,-0.0736123,-0.140586
0.157772,0.155658,1.71071,0.0667503,-0.482483,0.299267,0.124246,-0.082152,-0.194557
0.148886,0.158654,1.71816,0.114877,-0.294022,0.473315,0.125911,-0.0981905,-0.228867
0.142306,0.162922,1.72884,0.13354,-0.190856,0.613402,0.112982,-0.118453,-0.24334
0.13704,0.166398,1.74176,0.000811146,-0.145928,0.676197,0.0876568,-0.11484,-0.227358
0.131485,0.1665,1.7554,-0.162439,-0.18514,0.64327,0.0653478,-0.0909361,-0.245562
0.126832,0.16479,1.76823,-0.141376,-0.0285983,0.591787,0.0479811,-0.0587333,-0.245317
0.127236,0.165179,1.78054,0.034466,0.259504,0.619871,0.0536523,-0.0492095,-0.209817
0.131891,0.16916,1.79339,0.171602,0.398023,0.680908,0.0660774,-0.0447959,-0.16555
0.13816,0.1748,1.80693,0.189969,0.448552,0.70198,0.0596755,-0.035302,-0.102244
0.144297,0.180727,1.82033,0.210979,0.381066,0.670487,0.0546202,-0.0274392,-0.0559902
0.148716,0.187223,1.83247,0.249504,0.280532,0.604291,0.0571185,-0.0125231,-0.00453162
0.148716,0.187223,1.83247,0.249504,0.280532,0.604291,0.0571185,-0.0125231,-0.00453162
0.151608,0.193894,1.84375,0.234355,0.231562,0.5963,0.0625563,-0.00487411,0.0620773
0.153897,0.199929,1.85534,0.181461,0.228981,0.614827,0.0729997,-0.00338051,0.117316
0.15627,0.204696,1.86741,0.0976931,0.246758,0.61424,0.074803,-0.00496683,0.164763
0.158792,0.20761,1.87946,0.00511629,0.243362,0.586636,0.0719391,-0.00652422,0.205809
0.161022,0.208736,1.89109,-0.0700638,0.208807,0.555436,0.0761705,-0.00942083,0.2446
0.162215,0.208599,1.90249,-0.122062,0.137108,0.544255,0.0778518,-0.00934097,0.276147
0.161808,0.207435,1.91404,-0.174118,0.0540008,0.546303,0.0818678,-0.0111972,0.296545
0.159622,0.205752,1.92571,-0.170233,-0.0452631,0.551425,0.0869159,-0.00776315,0.299456
0.154587,0.204761,1.93751,-0.0927728,-0.215958,0.579367,0.0983139,-0.00179113,0.2729
0.146944,0.206272,1.9501,0.0557757,-0.245707,0.659209,0.105895,0.000909537,0.250998
0.140663,0.210096,1.96446,0.0970232,-0.0612579,0.785716,0.123977,-0.00654927,0.262281
0.13834,0.213744,1.98194,0.0189727,0.182699,0.944322,0.132756,-0.0143359,0.262127
0.138435,0.215898,2.00238,-0.0793309,0.215531,1.03396,0.137855,-0.0202879,0.213045
0.136817,0.216399,2.02367,-0.155845,0.0617734,1.00998,0.143524,-0.0270156,0.128988
0.131174,0.215016,2.04431,-0.243535,-0.189607,0.959264,0.148993,-0.0245516,0.0258918
0.12137,0.21221,2.06423,-0.251737,-0.330298,0.935553,0.151403,-0.00596227,-0.0853944
0.111825,0.210973,2.08385,-0.0726801,-0.158575,0.951222,0.126768,0.0216367,-0.149435
0.108367,0.213342,2.10337,0.0730076,0.235005,0.951778,0.0872444,0.0336574,-0.138328
0.113191,0.216498,2.12253,-0.0105149,0.616141,0.932283,0.0401539,0.00022617,-0.0501783
0.121334,0.215305,2.14126,-0.338603,0.496378,0.843591,-0.0411088,-0.0317616,-0.00460565
0.123073,0.2068,2.15764,-0.688734,-0.0230055,0.617955,-0.108397,-0.0649188,-0.0229573
0.113868,0.191551,2.16918,-0.928017,-0.658343,0.318817,-0.122683,-0.103274,-0.0963637
0.0932964,0.172897,2.17463,-0.925766,-1.30246,0.0189897,-0.0979824,-0.1005,-0.183241
0.0617229,0.156378,2.17318,-0.698688,-1.80259,-0.277554,-0.0512112,-0.0683183,-0.250701
0.0257443,0.143212,2.16622,-0.618775,-1.77623,-0.444184,-0.0104633,-0.0349049,-0.264731
-0.0028214,0.130192,2.15616,-0.677861,-1.14113,-0.553385,0.00508638,0.0179471,-0.266249
-0.0162086,0.116726,2.14517,-0.643373,-0.333919,-0.47596,0.058334,0.0661227,-0.342171
-0.0152058,0.107123,2.13833,-0.272475,0.330969,-0.16528,0.0870938,0.1073,-0.417331
-0.00348003,0.107125,2.13855,0.25275,0.785431,0.176079,0.104077,0.113054,-0.378678
0.0138704,0.115755,2.14458,0.554955,0.974977,0.408674,0.108858,0.088412,-0.263746
0.0322347,0.1278,2.15406,0.60049,0.935136,0.541406,0.0923319,0.0562854,-0.11977
0.0478575,0.140257,2.16538,0.598945,0.749362,0.620079,0.0766387,0.0342828,-0.00112689
0.0590365,0.15329,2.17802,0.636361,0.551513,0.695782,0.0615475,0.0223953,0.0984299
0.0659885,0.167625,2.19218,0.694857,0.364653,0.778379,0.048509,0.0186939,0.175458
0.068454,0.182872,2.20748,0.703837,0.139435,0.812013,0.0357064,0.0123907,0.227742
0.0657473,0.197804,2.223,0.664214,-0.131713,0.789877,0.0224342,0.0166159,0.260944
0.0574728,0.211563,2.23734,0.62117,-0.381188,0.674566,-0.00125933,0.0405397,0.250595
0.0461346,0.224245,2.24896,0.566546,-0.493882,0.518773,-0.00939531,0.0559124,0.25725
0.0334991,0.235199,2.25772,0.475521,-0.557321,0.375083,-0.019555,0.0776408,0.252059
0.0207909,0.243861,2.26384,0.364669,-0.55877,0.237928,-0.0255453,0.0931973,0.2654
0.00956027,0.250004,2.26698,0.24414,-0.465798,0.0753851,-0.0245522,0.107088,0.269526
0.00204522,0.254022,2.26685,0.160367,-0.280182,-0.0783126,-0.0196797,0.114336,0.272656
-0.000661488,0.256822,2.26417,0.130681,-0.0394585,-0.161856,-0.0103007,0.116694,0.269417
0.00230555,0.259215,2.26082,0.090118,0.227595,-0.141099,-0.00238108,0.116582,0.274557
0.00860422,0.259581,2.25874,-0.0693898,0.325921,-0.056832,0.01738,0.0923237,0.24878
0.0149906,0.256244,2.25817,-0.258276,0.282963,-0.0112845,0.0313979,0.0666051,0.219529
0.0199477,0.249822,2.25807,-0.34914,0.224435,-0.00644775,0.0327206,0.0590602,0.16371
0.0199477,0.249822,2.25807,-0.34914,0.224435,-0.00644775,0.0327206,0.0590602,0.16371
0.024625,0.243154,2.2585,-0.304543,0.272792,0.0430028,0.0142641,0.0633359,0.130003
0.0314616,0.237729,2.26065,-0.243734,0.46755,0.149179,-0.00444859,0.0599128,0.10854
0.0423455,0.23335,2.26476,-0.22067,0.708933,0.226884,-0.00567823,0.0378178,0.0911351
0.0569498,0.228439,2.27029,-0.301509,0.85195,0.288646,-0.00964871,0.0123001,0.0671991
0.0729132,0.222068,2.27712,-0.357636,0.864669,0.319449,-0.0217586,-0.0236189,0.0383736
0.0882953,0.216011,2.28344,-0.270807,0.810515,0.220784,-0.0355332,-0.0564931,-0.0131898
0.104304,0.21237,2.2863,-0.113503,0.893272,0.0185694,-0.0445245,-0.0928117,-0.0414045
0.124992,0.210815,2.28534,-0.0657931,1.13027,-0.0861254,-0.00333077,-0.156481,-0.0107096
0.148482,0.207557,2.28497,-0.290177,1.15589,0.0280645,0.0557085,-0.223434,-0.0137514
0.168246,0.198401,2.28881,-0.663664,0.827439,0.187012,0.0926831,-0.224651,-0.0401433
0.178151,0.184505,2.2965,-0.760625,0.295861,0.324826,0.143897,-0.220318,-0.0998681
0.177692,0.173761,2.3083,-0.44227,-0.069939,0.660646,0.184332,-0.20965,-0.122776
0.172841,0.172573,2.32706,-0.0212312,-0.0491244,1.12926,0.212271,-0.208073,-0.0613317
0.169442,0.17802,2.35335,0.0517645,0.190686,1.47917,0.250033,-0.231229,0.00936252
0.170395,0.181912,2.38582,-0.251498,0.470436,1.7039,0.272542,-0.248395,0.0621061
0.174378,0.178791,2.4236,-0.688297,0.560988,1.8859,0.279511,-0.211397,0.0638014
0.175893,0.168972,2.46671,-0.952107,0.264286,2.10931,0.256887,-0.1266,-0.0274525
0.167705,0.159186,2.5142,-0.730696,-0.317225,2.30471,0.236573,-0.0464262,-0.181861
0.149691,0.1578,2.56379,-0.151559,-0.614927,2.48648,0.210737,0.0305891,-0.241989
0.13044,0.167524,2.61581,0.354031,-0.389053,2.70717,0.165895,0.0767296,-0.188223
0.117542,0.183561,2.67153,0.509698,0.0698472,2.88594,0.129496,0.0790773,-0.0856722
0.111549,0.20026,2.72929,0.48551,0.398569,2.87328,0.106178,0.0457414,0.00259519
0.109246,0.215549,2.78508,0.433051,0.480043,2.66794,0.0712131,0.025255,0.0506101
0.106762,0.229513,2.83555,0.426128,0.355293,2.3423,0.0538433,0.0134533,0.0662706
0.101613,0.242861,2.87941,0.463328,0.16175,2.02373,0.056324,0.00523552,0.0647073
0.0943723,0.256644,2.91757,0.537851,0.070836,1.78266,0.0578867,0.0110381,0.0747749
0.0871552,0.27093,2.95132,0.581387,0.109409,1.57836,0.061043,0.0254703,0.0664175
0.0817874,0.285264,2.9811,0.594204,0.159144,1.37199,0.0607655,0.0358971,0.0468186
0.0781823,0.299155,3.00621,0.582066,0.201489,1.1139,0.059201,0.0424238,0.0213315
0.0763968,0.311372,3.0258,0.468311,0.202129,0.828604,0.0566505,0.0524736,-0.0140429
0.0768393,0.320435,3.03991,0.347483,0.300814,0.588771,0.0623518,0.0781477,-0.0711275
0.0808832,0.32772,3.05014,0.298741,0.406703,0.434265,0.0602695,0.103151,-0.124127
0.0860384,0.333569,3.05746,0.226673,0.279119,0.309166,0.0676386,0.128565,-0.205908
0.0876575,0.338953,3.06231,0.28932,0.0867613,0.186294,0.0557415,0.168621,-0.340898
0.0888455,0.345781,3.06475,0.343365,0.166273,0.117824,0.0588113,0.166797,-0.362079
0.0945857,0.351513,3.06664,0.157849,0.475097,0.106027,0.0630789,0.118458,-0.280752
0.106029,0.350915,3.06889,-0.275804,0.708666,0.0826168,0.0746301,0.0371322,-0.201866
0.119643,0.340468,3.07104,-0.783601,0.669593,-0.0200019,0.0689815,-0.0172988,-0.182762
0.130503,0.321307,3.07123,-1.0529,0.403123,-0.188292,0.0518354,0.00347513,-0.231868
0.137994,0.300852,3.06997,-0.893109,0.35905,-0.156833,0.0298615,0.0503165,-0.265787
0.146552,0.286736,3.0715,-0.498749,0.53606,0.134444,0.0190679,0.0906996,-0.231926
0.155867,0.281977,3.07916,-0.112071,0.568534,0.50787,0.00648791,0.103924,-0.180638
0.161395,0.283369,3.0923,0.0153942,0.312278,0.723675,-0.0216877,0.120488,-0.119543
0.159945,0.286634,3.10751,0.0768937,-0.0388654,0.733843,-0.06454,0.134181,-0.0642727
0.151998,0.291254,3.12107,0.186113,-0.346734,0.605798,-0.106951,0.166487,-0.0194069
0.14078,0.297576,3.1312,0.283143,-0.439818,0.441532,-0.127206,0.191305,0.0536779
0.13051,0.304442,3.13816,0.291175,-0.357951,0.326592,-0.112299,0.198366,0.13688
0.12333,0.310944,-3.13935,0.273477,-0.180098,0.301887,-0.087593,0.194843,0.213582
0.12333,0.310944,-3.13935,0.273477,-0.180098,0.301887,-0.087593,0.194843,0.213582
0.119406,0.316507,-3.13372,0.200851,-0.0505158,0.282945,-0.0691077,0.185807,0.273243
0.117161,0.320089,-3.129,0.100022,-0.0458397,0.189553,-0.0496769,0.168487,0.309918
0.114721,0.321474,-3.12677,0.0165908,-0.138322,0.0293767,-0.0449765,0.160997,0.330351
0.111405,0.321194,-3.12776,-0.0209974,-0.212552,-0.121086,-0.0384272,0.145366,0.335448
0.108277,0.32033,-3.13161,-0.0197649,-0.193832,-0.239618,-0.0299973,0.130493,0.328125
0.107128,0.319058,-3.13709,-0.0647037,-0.088836,-0.270909,-0.00760931,0.0997138,0.325329
0.108014,0.316329,3.14098,-0.163356,0.00786601,-0.236814,0.0110552,0.0601646,0.295324
0.109348,0.311115,3.13671,-0.316837,-0.0158591,-0.229019,0.0365045,0.00863492,0.238375
0.109971,0.302487,3.13249,-0.491211,-0.04496,-0.261417,0.0658419,-0.0638907,0.186289
0.110211,0.290673,3.1281,-0.61621,-0.0527681,-0.286364,0.0861081,-0.113473,0.118834
0.110699,0.277311,3.12371,-0.640847,-0.0137393,-0.25849,0.0998173,-0.131564,0.0546476
0.111375,0.2647,3.12115,-0.566147,0.00391345,-0.108202,0.0962481,-0.132942,-0.0167459
0.110793,0.254849,3.12225,-0.409487,-0.0391487,0.108545,0.0859823,-0.135245,-0.0901881
0.108439,0.249021,3.12738,-0.225047,-0.0599376,0.30722,0.0626987,-0.147237,-0.13685
0.105316,0.246578,3.13546,-0.112026,-0.050968,0.423211,0.0327013,-0.15908,-0.164358
0.102396,0.245876,-3.1386,-0.0544757,-0.0015471,0.44193,0.00988138,-0.168337,-0.180847
0.101239,0.246173,-3.12955,-0.00639129,0.116602,0.427286,-0.00697009,-0.167271,-0.189029
0.103105,0.247356,-3.12084,0.0426717,0.290907,0.429283,-0.010785,-0.151308,-0.194308
0.108729,0.249959,-3.11138,0.109305,0.485507,0.518751,0.0069485,-0.13966,-0.19337
0.116332,0.253076,-3.09939,0.0410582,0.524718,0.665551,0.0451591,-0.162245,-0.19747
0.121017,0.253618,-3.08465,-0.171771,0.253258,0.729588,0.0744239,-0.176888,-0.236304
0.117227,0.249107,-3.07002,-0.444128,-0.277857,0.586976,0.069726,-0.124067,-0.31796
0.106051,0.239982,-3.05859,-0.533926,-0.452209,0.435835,0.0517226,-0.0374456,-0.368679
0.0987698,0.2324,-3.04831,-0.276106,0.0455475,0.513576,0.0438274,0.0482301,-0.302302
0.104109,0.231614,-3.03491,0.0401464,0.78041,0.786849,0.0604751,0.0712998,-0.172064
0.119954,0.235383,-3.01633,0.0892447,1.14563,1.01829,0.0840423,0.0392766,-0.0413528
0.137118,0.238443,-2.99447,-0.0733733,1.00729,1.09099,0.0994172,-0.0135966,0.0398875
0.148078,0.238684,-2.97225,-0.191212,0.569287,1.02637,0.0951403,-0.0308948,0.0748016
0.14956,0.237734,-2.95153,-0.184603,0.0843735,0.957453,0.104165,-0.0322302,0.0786701
0.142967,0.23775,-2.93131,-0.0990467,-0.236927,0.994118,0.107301,-0.014407,0.0913952
0.131379,0.239501,-2.90973,-0.0253156,-0.379753,1.09853,0.102352,0.000538602,0.109554
0.11848,0.24207,-2.88629,-0.0113848,-0.314532,1.172,0.0864453,0.00687866,0.136599
0.108263,0.244768,-2.86195,0.0168301,-0.106218,1.17582,0.0559969,0.0114813,0.168523
0.102434,0.248102,-2.83849,0.0697758,0.0861382,1.09842,0.0333226,0.0147139,0.198857
0.100398,0.252069,-2.81708,0.102662,0.227333,0.995316,0.0261067,0.00697684,0.232275
0.100964,0.256022,-2.79769,0.0878944,0.30388,0.909007,0.032147,-0.00471571,0.260605
0.102648,0.259394,-2.77962,0.0703519,0.316844,0.863098,0.0417374,-0.003286,0.26729
0.104421,0.262702,-2.76209,0.077954,0.307599,0.849636,0.0492924,-0.000806838,0.264463
0.105643,0.266443,-2.74473,0.122635,0.260771,0.848293,0.0573013,0.00150681,0.239105
0.105784,0.271693,-2.7276,0.229718,0.212185,0.842079,0.0667584,-0.000710577,0.207124
0.104914,0.279018,-2.71082,0.304252,0.147643,0.827312,0.0754913,-0.0102022,0.177354
0.102571,0.286282,-2.69492,0.24307,0.0491391,0.742185,0.0723536,-0.0149609,0.13799
0.0984148,0.291593,-2.68146,0.15472,-0.0726703,0.589302,0.071419,0.00459597,0.054303
0.093858,0.295028,-2.67075,0.099706,-0.0132391,0.470416,0.0714924,0.0261945,-0.0197989
0.09422,0.298423,-2.66128,0.17431,0.339724,0.480423,0.0593696,0.0657569,-0.0586308
0.101358,0.304136,-2.65146,0.274932,0.618479,0.484074,0.0485547,0.0655367,-0.095499
0.111924,0.309775,-2.64298,0.172164,0.658891,0.353948,0.0312749,0.0529369,-0.104018
0.111924,0.309775,-2.64298,0.172164,0.658891,0.353948,0.0312749,0.0529369,-0.104018
0.122671,0.311977,-2.63812,-0.00967518,0.549715,0.111117,0.00542983,0.0568491,-0.113819
0.132667,0.309459,-2.63824,-0.253467,0.439186,-0.148962,-0.00863945,0.0604026,-0.112878
0.142392,0.301097,-2.64271,-0.491771,0.40818,-0.369078,-0.0151966,0.0837841,-0.143887
0.153106,0.288812,-2.65006,-0.612154,0.442422,-0.488926,-0.0230387,0.098519,-0.182239
0.164032,0.273705,-2.65848,-0.75647,0.391972,-0.54305,-0.0333019,0.0627966,-0.191398
0.171665,0.254451,-2.66768,-0.998492,0.0627458,-0.673176,-0.0406127,-0.00690711,-0.187689
0.168139,0.228897,-2.67991,-1.29972,-0.755485,-0.938239,-0.0623511,-0.044489,-0.280402
0.149407,0.199529,-2.69748,-1.21553,-1.40206,-1.18825,-0.0905089,-0.00940362,-0.396039
0.12505,0.178476,-2.71949,-0.489493,-1.29104,-1.17534,-0.0956133,0.0784703,-0.401819
0.109742,0.175211,-2.74015,0.363691,-0.533198,-0.824457,-0.127285,0.156265,-0.264459
0.109425,0.184925,-2.75369,0.628193,0.183255,-0.426675,-0.143981,0.156316,-0.0689342
0.116978,0.194626,-2.76241,0.368404,0.318336,-0.360716,-0.117956,0.128931,0.038563
0.122952,0.196926,-2.77166,-0.0172024,0.0684623,-0.531852,-0.129473,0.12548,0.0669127
0.124013,0.193542,-2.78476,-0.101039,-0.193254,-0.770716,-0.119204,0.144393,0.0573194
0.12258,0.191067,-2.80175,0.0686606,-0.223889,-0.879055,-0.0882339,0.161937,0.0617612
0.123064,0.191439,-2.81959,0.147846,-0.0483607,-0.835027,-0.0576446,0.161234,0.11687
0.127294,0.191653,-2.83589,0.0474223,0.14919,-0.744984,-0.0247117,0.127646,0.174966
0.13399,0.189223,-2.85036,-0.101528,0.216954,-0.696937,-0.00940952,0.0900885,0.20905
0.13986,0.184233,-2.86415,-0.193258,0.0883739,-0.719457,0.00324407,0.057308,0.207548
0.142178,0.178315,-2.87852,-0.176663,-0.120419,-0.747681,0.0136994,0.0372653,0.195191
0.139971,0.173559,-2.89277,-0.0907296,-0.34523,-0.688828,0.0310231,0.0154932,0.194856
0.133384,0.171097,-2.9053,0.0238106,-0.507255,-0.552061,0.0578725,0.00412601,0.194251
0.1242,0.171693,-2.91453,0.140095,-0.564235,-0.334327,0.0621906,-0.00055173,0.200547
0.113109,0.174766,-2.91985,0.221185,-0.637021,-0.167324,0.0487484,-0.00628236,0.197957
0.100163,0.179557,-2.92328,0.294901,-0.697693,-0.125344,0.0488134,-0.0202591,0.185824
0.086742,0.185995,-2.9262,0.355223,-0.682338,-0.101902,0.0396168,-0.032406,0.189904
0.0738919,0.192317,-2.92882,0.274949,-0.639288,-0.110512,0.0285648,-0.0416853,0.193058
0.0628208,0.196135,-2.93207,0.124171,-0.500662,-0.185455,0.0179682,-0.0562949,0.183253
0.0555225,0.196974,-2.93639,-0.0126227,-0.310959,-0.223576,0.0136181,-0.0720739,0.152767
0.051826,0.194903,-2.94135,-0.173726,-0.16645,-0.283941,0.0012868,-0.095101,0.108594
0.0511815,0.18964,-2.94799,-0.292707,-0.0108895,-0.372385,0.00891637,-0.115434,0.0437438
0.0539828,0.183576,-2.95501,-0.25177,0.170026,-0.328297,0.00957216,-0.134363,-0.0307931
0.0604326,0.178679,-2.96065,-0.225661,0.364651,-0.251556,0.0128161,-0.152714,-0.0787981
0.0706887,0.172999,-2.96443,-0.326631,0.597323,-0.143402,0.0152938,-0.176099,-0.117058
0.0848374,0.165883,-2.96518,-0.336241,0.765975,0.0213399,0.00250232,-0.179725,-0.176133
0.0991201,0.1613,-2.96296,-0.105419,0.633399,0.137176,-0.00445738,-0.167997,-0.25426
0.107682,0.162963,-2.95984,0.235645,0.25686,0.180136,0.0137157,-0.156148,-0.294553
0.108758,0.170234,-2.95631,0.399637,-0.0782907,0.252438,0.0340623,-0.158102,-0.260955
0.103136,0.177974,-2.95119,0.278491,-0.385179,0.323046,0.0439518,-0.150128,-0.219161
0.0922547,0.181661,-2.94476,0.00712158,-0.56348,0.331373,0.0574938,-0.132737,-0.205299
0.0790898,0.178981,-2.93793,-0.319235,-0.595731,0.309748,0.0417768,-0.0835395,-0.23957
0.0676153,0.171693,-2.93136,-0.40344,-0.404012,0.278507,0.0211371,-0.020052,-0.298174
0.0618394,0.166028,-2.92499,-0.157632,-0.0414035,0.331318,0.0267574,0.0259081,-0.326061
0.0635507,0.167635,-2.91653,0.269073,0.342141,0.533766,0.0456434,0.0563465,-0.272035
0.0710613,0.177121,-2.90342,0.540014,0.610433,0.810796,0.0606635,0.0488004,-0.149629
0.0820098,0.190345,-2.88571,0.621216,0.777275,0.99488,0.0561125,0.0403944,-0.0237722
0.0945619,0.204924,-2.86571,0.635887,0.8519,1.06556,0.0335006,0.0661025,0.0677351
0.107489,0.21882,-2.84495,0.499693,0.862578,1.0707,0.00935104,0.0937408,0.158692
0.107489,0.21882,-2.84495,0.499693,0.862578,1.0707,0.00935104,0.0937408,0.158692
0.119852,0.227972,-2.82445,0.153876,0.81085,0.987791,0.00398082,0.0970199,0.232153
0.131083,0.22948,-2.8056,-0.223789,0.741132,0.837739,0.0162577,0.0749289,0.268501
0.141645,0.224428,-2.78888,-0.479225,0.683632,0.704413,0.0382566,0.0421748,0.286004
0.151379,0.215378,-2.77385,-0.613294,0.603698,0.605871,0.0496279,0.0247056,0.282039
0.159329,0.20427,-2.76069,-0.665511,0.44411,0.482449,0.0595933,0.00882177,0.259455
0.163676,0.192624,-2.75017,-0.622824,0.181689,0.347343,0.078272,-0.0128805,0.221989
0.163542,0.182888,-2.74195,-0.452843,-0.0242142,0.310262,0.10017,-0.0210264,0.193728
0.160693,0.176699,-2.73355,-0.298756,-0.0916188,0.421227,0.119543,-0.0274203,0.200369
0.157025,0.173548,-2.7225,-0.178529,-0.0707321,0.600526,0.132635,-0.0365805,0.199163
0.153689,0.173444,-2.70855,-0.0427489,-0.0239439,0.731348,0.122909,-0.0396439,0.190549
0.151132,0.17621,-2.69346,0.0821108,0.0368879,0.753431,0.0969976,-0.0433891,0.181942
0.150005,0.180852,-2.67929,0.156916,0.103543,0.681583,0.0771001,-0.0469232,0.17551
0.150559,0.186024,-2.66707,0.15855,0.167055,0.571548,0.0552332,-0.04608,0.165844
0.152369,0.190022,-2.65719,0.0804915,0.188089,0.435814,0.0424038,-0.0490807,0.134823
0.153986,0.191451,-2.65006,-0.0478598,0.108356,0.28296,0.0371224,-0.0350581,0.0758563
0.154616,0.190666,-2.64519,-0.0806079,0.0574552,0.178798,0.0328566,-0.0206926,-0.00401694
0.154554,0.189802,-2.64252,-0.0429016,-0.000955994,0.0616547,0.0276278,-0.0058084,-0.0754557
0.155299,0.189097,-2.64223,-0.0379389,0.107051,-0.0270935,0.0241679,0.00762808,-0.0925272
0.159666,0.188254,-2.64243,-0.0233857,0.358448,0.00666159,0.0295505,0.00428277,-0.117961
0.169745,0.188406,-2.64164,0.0219783,0.627993,0.0715023,0.034254,-0.00234273,-0.127334
0.182476,0.189922,-2.63939,0.109252,0.637482,0.191764,0.0526789,0.00203004,-0.181456
0.192595,0.195012,-2.63357,0.267365,0.442892,0.497997,0.0484275,0.034644,-0.19876
0.194385,0.202561,-2.62069,0.1798,-0.0512366,0.854995,-0.00136249,0.0474771,-0.216109
0.183907,0.20727,-2.60297,-0.0365426,-0.601129,0.864716,-0.0197938,0.0343867,-0.266498
0.165759,0.208091,-2.58775,-0.124701,-0.854698,0.566456,-0.0465886,-0.00281931,-0.269679
0.146145,0.205375,-2.58089,-0.285449,-0.948704,0.0207285,-0.0818193,0.00198424,-0.264972
0.12727,0.195175,-2.5856,-0.665169,-1.00107,-0.601004,-0.0658925,0.00228783,-0.315678
0.111098,0.177952,-2.60031,-0.797691,-0.831057,-0.974147,-0.0338319,0.0294162,-0.379998
0.10224,0.162669,-2.61952,-0.464834,-0.317612,-1.00864,-0.01937,0.0909383,-0.383955
0.104869,0.156358,-2.63665,0.00207119,0.285709,-0.687117,-0.0299134,0.132894,-0.298967
0.116383,0.158894,-2.64643,0.327232,0.66646,-0.244358,-0.0144684,0.117516,-0.195867
0.131311,0.166994,-2.64883,0.465943,0.725505,0.0726556,-0.0255815,0.0535782,-0.0695804
0.143787,0.176169,-2.648,0.407196,0.494763,0.090679,-0.0566172,0.00898395,0.0322543
0.150442,0.182821,-2.64857,0.252832,0.155073,-0.0558987,-0.0694809,-0.0190165,0.108214
0.151846,0.186579,-2.65141,0.168489,-0.0391655,-0.145051,-0.0711692,-0.0294981,0.170984
0.151208,0.189176,-2.65501,0.147185,-0.0732176,-0.156509,-0.0733148,-0.0133663,0.212088
0.150687,0.191694,-2.65849,0.156706,-0.0499929,-0.143349,-0.0748887,-0.00665203,0.232201
0.150029,0.194862,-2.662,0.2117,-0.0943939,-0.149484,-0.0813611,-0.002124,0.231773
0.147673,0.199363,-2.66605,0.280562,-0.224455,-0.181122,-0.0973018,0.0232245,0.225247
0.142356,0.204918,-2.67123,0.325283,-0.409552,-0.245971,-0.11193,0.0648301,0.225689
0.134292,0.210316,-2.67804,0.292898,-0.503294,-0.340959,-0.136035,0.113203,0.239744
0.126401,0.214882,-2.68695,0.276835,-0.453095,-0.474825,-0.168652,0.165122,0.263564
0.1217,0.219229,-2.69949,0.296233,-0.27265,-0.689728,-0.184199,0.205285,0.290898
0.122331,0.222869,-2.71676,0.254643,-0.0402227,-0.926575,-0.178471,0.212423,0.32418
0.127951,0.224148,-2.7383,0.120651,0.10579,-1.12629,-0.171285,0.197908,0.347644
0.135724,0.221362,-2.76301,-0.0892287,0.0957797,-1.27916,-0.152529,0.162491,0.341337
0.141321,0.21328,-2.78953,-0.352908,-0.136451,-1.37472,-0.122569,0.110242,0.281685
0.141147,0.200223,-2.81649,-0.546662,-0.42901,-1.39386,-0.0867975,0.049474,0.193329
0.141147,0.200223,-2.81649,-0.546662,-0.42901,-1.39386,-0.0867975,0.049474,0.193329
0.134577,0.184405,-2.84231,-0.648604,-0.706589,-1.30373,-0.0449518,-0.00607623,0.0791528
0.122149,0.168209,-2.86538,-0.646686,-0.914807,-1.13009,-0.00589895,-0.0726195,-0.0439815
0.105585,0.153611,-2.88428,-0.577653,-1.02123,-0.858412,0.0374693,-0.133018,-0.162756
0.0866241,0.141908,-2.897,-0.443565,-1.03608,-0.492685,0.0550704,-0.194291,-0.267228
0.0672632,0.134673,-2.90282,-0.215904,-0.954467,-0.149684,0.0412758,-0.230663,-0.329243
0.0499115,0.132515,-2.90327,-0.0137007,-0.758972,0.0706672,0.0273288,-0.266204,-0.336372
0.0373521,0.133245,-2.90069,0.049839,-0.445011,0.169543,0.012243,-0.298698,-0.305484
0.0311912,0.133917,-2.89719,-0.00245943,-0.130523,0.155725,-0.00403622,-0.313565,-0.275518
0.0308515,0.133501,-2.89505,-0.0427351,0.108024,0.0412705,-0.0071652,-0.311948,-0.274125
0.0341172,0.131997,-2.89587,-0.110189,0.178436,-0.128277,-0.00335729,-0.283181,-0.297758
0.0371773,0.128964,-2.89996,-0.164307,0.0429759,-0.275443,0.00911461,-0.228418,-0.359835
0.0367122,0.126374,-2.90593,-0.0428148,-0.148285,-0.297785,0.0298882,-0.16487,-0.433341
0.0338629,0.128867,-2.91103,0.343825,-0.160128,-0.173482,0.0510953,-0.0803666,-0.433314
0.0327077,0.140698,-2.91259,0.822763,0.0521829,0.0739385,0.0445256,0.00349991,-0.338323
0.0353109,0.160565,-2.90926,1.09158,0.209985,0.282533,0.00493024,0.0642034,-0.183309
0.0378131,0.183371,-2.90442,1.12797,0.0847909,0.236878,0.00125135,0.0928213,-0.0439269
0.0365154,0.20498,-2.90249,0.989788,-0.181498,0.0172599,-0.0123055,0.120952,0.0677525
0.0316891,0.222505,-2.90556,0.750646,-0.337227,-0.251151,-0.000171505,0.135178,0.152119
0.026532,0.234428,-2.91354,0.454478,-0.335127,-0.479366,0.0294489,0.131014,0.205841
0.0240514,0.240416,-2.92544,0.170659,-0.165005,-0.6457,0.0594063,0.121957,0.238536
0.0267465,0.240895,-2.93995,-0.0837832,0.0761913,-0.742234,0.0782617,0.105973,0.258848
0.0340654,0.236555,-2.9557,-0.302051,0.278821,-0.788563,0.0952314,0.0793566,0.268859
0.0450512,0.227667,-2.97195,-0.527054,0.431708,-0.81815,0.0994672,0.0569282,0.278337
0.058432,0.214168,-2.98832,-0.726733,0.536195,-0.832834,0.0988955,0.0400035,0.28321
0.0730187,0.196976,-3.00422,-0.851871,0.578141,-0.811384,0.106573,0.0352887,0.252616
0.087022,0.179639,-3.01815,-0.723621,0.541874,-0.655019,0.133526,0.0473419,0.173895
0.0987172,0.166564,-3.02729,-0.486074,0.478535,-0.331384,0.128759,0.0670706,0.130575
0.107988,0.158275,-3.02931,-0.341114,0.386679,0.0319384,0.120131,0.0599134,0.142484
0.113451,0.152153,-3.02579,-0.31504,0.200834,0.215681,0.134728,0.030702,0.172599
0.11506,0.145963,-3.0205,-0.354401,0.0452764,0.208537,0.127046,0.00950423,0.184378
0.114813,0.139325,-3.01601,-0.342758,0.0190066,0.165429,0.114042,0.0118609,0.164484
0.115026,0.133448,-3.01199,-0.279588,0.0545084,0.169219,0.113039,0.0128592,0.129686
0.115935,0.129234,-3.00745,-0.187662,0.100883,0.236076,0.13503,-0.00476216,0.0856205
0.118359,0.126659,-3.00142,-0.147686,0.223813,0.328171,0.137425,-0.0161352,0.0562467
0.123288,0.124332,-2.99347,-0.174834,0.366713,0.42334,0.121534,-0.0225336,0.0190966
0.130179,0.122002,-2.98397,-0.166608,0.400401,0.461289,0.103712,-0.0344435,-0.0261159
0.13589,0.120058,-2.97463,-0.14156,0.260902,0.41727,0.0964904,-0.0532954,-0.0884486
0.138591,0.119441,-2.96659,-0.00644149,0.112728,0.367908,0.0850502,-0.0587903,-0.129651
0.139684,0.122385,-2.95999,0.209611,0.0969826,0.326261,0.0600839,-0.0518246,-0.148647
0.141537,0.128943,-2.95484,0.326448,0.144509,0.260704,0.0467063,-0.0483857,-0.146773
0.143762,0.134892,-2.95171,0.175258,0.0843882,0.119472,0.0411087,-0.0195539,-0.170506
0.143647,0.135534,-2.95118,-0.114558,-0.082045,-0.0579962,0.0263574,0.0269653,-0.235913
0.141014,0.131333,-2.95349,-0.245827,-0.212974,-0.22284,0.0167304,0.0539909,-0.298115
0.13936,0.127644,-2.95859,-0.0332691,-0.0447347,-0.323913,0.00621776,0.0612882,-0.244726
0.137672,0.127526,-2.96583,0.0703578,-0.259685,-0.371543,0.00828642,0.0616135,-0.292041
0.129624,0.12611,-2.97402,-0.15883,-0.65552,-0.47975,0.0256497,0.00462109,-0.287886
0.11484,0.117159,-2.98531,-0.588733,-0.905681,-0.748679,0.0239847,0.00444925,-0.307937
0.11484,0.117159,-2.98531,-0.588733,-0.905681,-0.748679,0.0239847,0.00444925,-0.307937
0.0993958,0.101227,-3.00134,-0.754379,-0.742742,-0.978361,0.00881971,0.0194193,-0.304127
0.0908629,0.0868314,-3.02011,-0.428996,-0.246975,-0.947565,-0.0105469,0.0449437,-0.274845
0.092014,0.0824982,-3.03522,0.147169,0.179148,-0.52488,-0.0171851,0.0420909,-0.209811
0.0972099,0.090491,-3.04023,0.65958,0.214746,0.114698,-0.00522912,0.00900763,-0.135396
0.0969127,0.107277,-3.03387,0.894619,-0.240458,0.629852,-0.00639163,-0.0210262,-0.0957107
0.0844075,0.126852,-3.02132,0.91405,-0.849814,0.710293,-0.0198939,-0.0134106,-0.0682835
0.0619786,0.146062,-3.01034,0.920931,-1.16345,0.488406,-0.0292665,0.0236106,-0.024587
0.0376837,0.165237,-3.00399,0.94052,-1.08956,0.244031,-0.0354832,0.0461545,0.0454172
0.0180702,0.184319,-3.00118,0.944033,-0.814164,0.0929241,-0.0438404,0.0723156,0.124487
0.00377069,0.203148,-3.00015,0.928434,-0.592042,0.0480918,-0.0321355,0.111147,0.174177
-0.00631516,0.221874,-2.99842,0.938439,-0.372624,0.125512,-0.0158581,0.125163,0.235096
-0.0129643,0.240698,-2.99451,0.935325,-0.21669,0.233581,-0.000944339,0.140175,0.290991
-0.0174366,0.259239,-2.98831,0.919614,-0.0667433,0.324582,-0.00461598,0.149259,0.334251
-0.0190077,0.27777,-2.981,0.93718,0.090868,0.323628,-0.00990494,0.163174,0.373208
-0.0176333,0.296725,-2.97471,0.953652,0.2115,0.238915,-0.000426352,0.175447,0.387806
-0.0141152,0.315761,-2.97035,0.932342,0.258461,0.153641,0.0125167,0.17077,0.392162
-0.00938545,0.333255,-2.96738,0.782496,0.310863,0.12271,0.0192449,0.149935,0.395396
-0.0037102,0.346005,-2.96436,0.468647,0.34893,0.154749,0.0250052,0.109544,0.382699
0.00181713,0.351479,-2.96069,0.0848395,0.300535,0.181133,0.0299102,0.0571312,0.339879
0.00496109,0.350141,-2.9572,-0.195769,0.114617,0.122943,0.0348755,0.0233127,0.269406
0.00544496,0.344452,-2.95583,-0.358505,0.0042462,0.00812798,0.0206165,9.58443e-05,0.210122
0.00569847,0.336288,-2.95649,-0.447604,0.0205257,-0.0670555,-0.0167623,-0.0326703,0.150666
0.00761941,0.327149,-2.95878,-0.434048,0.0905142,-0.153334,-0.0257546,-0.035192,0.0928698
0.0114338,0.319582,-2.96263,-0.318194,0.175289,-0.201396,-0.00720781,-0.0282531,0.0703071
0.0175285,0.313737,-2.96578,-0.281372,0.330497,-0.0663817,0.00371368,-0.0497066,0.0728517
0.0252459,0.308107,-2.96341,-0.285053,0.497844,0.296021,-0.0173558,-0.0755291,0.0602718
0.0322387,0.30375,-2.95387,-0.120201,0.434574,0.537095,-0.00823557,-0.0886252,0.0538692
0.0340485,0.302585,-2.94237,-0.057801,0.135011,0.539591,0.0372679,-0.110733,0.0102447
0.0315441,0.301076,-2.93133,-0.148709,0.0211139,0.472044,-0.0152886,-0.15406,0.020934
0.0322805,0.296583,-2.92308,-0.334076,0.309081,0.299116,-0.0480929,-0.140592,0.084947
0.0398561,0.288694,-2.91812,-0.436215,0.554935,0.151201,-0.0343361,-0.137038,0.0675813
0.0497719,0.280331,-2.91529,-0.382921,0.457434,0.111808,0.0303615,-0.12509,0.0364492
