rotationRate_x,rotationRate_y,rotationRate_z,acceleration_x,acceleration_y,acceleration_z,relativeAltitude
-0.142357,0.0476545,-0.0174339,0.035937,0.00471479,-0.0460163,0
-0.0671304,0.0838529,0.028592,0.0403341,0.0219586,-0.0519596,0
-0.0290342,0.0637754,0.0749554,0.0529747,0.0244742,-0.0232055,0
-0.0212878,0.0552512,0.109636,0.0537623,0.0193738,-0.0115592,0
-0.0351016,0.0316767,0.143253,0.0373482,0.0220374,0.000832319,0
-0.0305541,-0.0204881,0.137545,0.028663,0.00888628,-0.00510317,0
0.00436358,-0.00442973,0.105279,0.0137834,0.0109745,-0.0283006,0
-0.0043773,-0.00317484,0.134205,0.0277735,0.0232365,-0.0130914,0
-0.0166582,0.0116328,0.18763,0.0488943,0.0284042,-0.0088039,0
-0.0155138,0.0264536,0.235048,0.0452531,0.0261708,-0.00977713,0
-0.0640203,0.00382552,0.224072,0.0276925,0.013806,0.0018447,0
-0.111103,0.00893422,0.164535,0.00348704,-0.00601944,-0.00983328,0
-0.113589,-0.0133021,0.0973101,-0.00881521,-0.00799805,-0.0197273,0
-0.0735724,-0.0960235,0.0738025,0.0191934,-0.00278372,-0.0297295,0
-0.00847252,-0.119128,0.0865649,0.0302012,0.0129174,-0.0474484,0
0.0241928,-0.116802,0.0860318,0.0283633,0.0135034,-0.0526946,0
0.0479542,-0.0234463,0.0904836,0.0272982,0.00697219,-0.0620755,0
0.0271943,-0.00498865,0.0906038,0.0245618,0.0119009,-0.0343884,0
-0.00166412,0.006047,0.0644617,0.0280214,-0.00177565,-0.0142562,0
-0.0205213,-0.00296468,0.0557146,0.02626,-0.00181931,0.00571126,0
-0.0307593,-0.0324473,0.0497359,0.0304617,-0.00333175,0.0156037,0
0.00941217,0.00603465,0.0540419,0.0258702,-0.00649095,-0.00213569,0
0.017418,-0.0324052,0.0533922,0.0277367,-0.00554487,0.0174222,0
0.0166158,-0.0758307,0.0197171,0.0301898,-0.0242304,0.0246007,0
-0.0102555,-0.0785579,-0.00994988,0.0216593,-0.0253268,0.0351917,0
-0.0634695,-0.085797,-0.0192115,0.0382606,-0.0179982,0.0474296,0
-0.0994808,-0.0617936,-0.0162535,0.0479327,-0.0204202,0.0396326,0
-0.112955,-0.0182567,0.00731234,0.0558597,-0.0170106,0.0384347,0
-0.104625,-0.0255592,0.0155229,0.0631187,-0.0256121,0.0347035,0
-0.0649969,0.00258682,0.0267981,0.0607766,-0.0270448,0.027878,0
-0.0714216,-0.0617626,0.0350254,0.0735115,-0.0337606,0.0533751,0
-0.121549,-0.0746347,0.0515209,0.0861937,-0.0421737,0.066845,0
-0.164994,-0.0804663,0.087887,0.0861705,-0.0352047,0.0677815,0
-0.178638,-0.104887,0.105174,0.0846788,-0.042407,0.055521,0
-0.184599,-0.121129,0.143011,0.0845815,-0.0460944,0.0432208,0
-0.182648,-0.168115,0.151812,0.0671074,-0.0532799,0.0274262,0
-0.144997,-0.159107,0.120594,0.0488212,-0.0663359,-0.0111058,0
-0.116589,-0.129572,0.104385,0.0372955,-0.0633531,-0.020793,0
-0.0918333,-0.103653,0.110422,0.046291,-0.0625642,-0.0215154,0
-0.054449,-0.0610184,0.121076,0.0405705,-0.0601024,-0.0167832,0
-0.0495984,-0.109618,0.125692,0.0345907,-0.0590318,0.0114117,0
-0.0218953,-0.136803,0.101822,0.0252546,-0.0708396,0.0174323,0
0.0107626,-0.14543,0.0480763,0.0139199,-0.0722629,0.0210491,0
0.0287204,-0.116197,0.00769196,0.0210791,-0.0787378,0.0223157,0
0.00576733,-0.152906,0.00204298,0.0348292,-0.0676806,0.0479792,0
-0.00930941,-0.207088,0.00131056,0.05497,-0.0720583,0.0461279,0
0.0231673,-0.266031,-0.0141122,0.0468815,-0.077071,0.0139245,0
0.0672915,-0.322661,-0.042989,0.0415262,-0.0785345,-0.0198495,0
0.149824,-0.271002,-0.0511538,0.0368614,-0.0789114,-0.0666671,0
0.227296,-0.185323,-0.075366,0.0274694,-0.0756064,-0.0825581,0
0.236212,-0.10387,-0.104674,0.0402942,-0.0988525,-0.0679255,0
0.236212,-0.10387,-0.104674,0.0402942,-0.0988525,-0.0679255,0.026413
0.135765,-0.168751,-0.11655,0.0614105,-0.128339,-0.032953,0.026413
-0.0336453,-0.324286,-0.180745,0.0350333,-0.128877,-0.0250785,0.026413
-0.144154,-0.381972,-0.354198,-0.0174139,-0.132111,-0.0915229,0.026413
-0.177357,-0.181154,-0.500845,-0.0354977,-0.112777,-0.179561,0.026413
-0.124888,0.0367945,-0.468523,0.00434998,-0.0566889,-0.217539,0.026413
0.00365285,0.105581,-0.329067,0.0574837,-0.0251497,-0.213152,0.026413
0.16778,0.0425866,-0.222716,0.0549974,-0.0247796,-0.1925,0.026413
0.266643,-0.0282445,-0.177456,0.00584982,-0.0242594,-0.15821,0.026413
0.258539,-0.0621138,-0.162187,-0.0430505,-0.00879812,-0.105804,0.026413
0.244907,0.0550156,-0.171598,-0.0842854,-0.00338116,-0.0809375,0.026413
0.268545,0.222834,-0.183937,-0.111036,0.00764862,-0.0485921,0.026413
0.347984,0.321173,-0.194613,-0.129608,0.018043,0.0125461,0.026413
0.397439,0.294167,-0.248752,-0.143735,0.0206828,0.0964812,0.026413
0.391337,0.205657,-0.317121,-0.149965,0.0237093,0.170974,0.026413
0.348689,0.107886,-0.391804,-0.155082,0.0409143,0.219067,0.026413
0.272384,-0.0318038,-0.476201,-0.142874,0.0566571,0.238962,0.026413
0.161668,-0.127786,-0.542105,-0.116615,0.0709958,0.241894,0.026413
0.0174493,-0.132866,-0.562249,-0.0943167,0.102318,0.227938,0.026413
-0.104368,-0.0901979,-0.546134,-0.0803378,0.118678,0.189476,0.026413
-0.215295,-0.161049,-0.512689,-0.0620319,0.125558,0.159773,0.026413
-0.311986,-0.238911,-0.486088,-0.0725306,0.119572,0.123737,0.026413
-0.389934,-0.373939,-0.471883,-0.0876155,0.10775,0.0782819,0.026413
-0.442671,-0.424836,-0.468498,-0.101273,0.0920601,0.0202416,0.026413
-0.472829,-0.344433,-0.468676,-0.114611,0.0795247,-0.0369855,0.026413
-0.433347,-0.114385,-0.48271,-0.126501,0.0514296,-0.0941277,0.026413
-0.301321,0.147923,-0.484603,-0.147147,0.0298624,-0.108977,0.026413
-0.201555,0.181107,-0.5011,-0.141122,-0.000747323,-0.0384249,0.026413
-0.177491,0.147356,-0.520576,-0.136276,-0.040922,0.047497,0.026413
-0.200106,0.0564047,-0.560035,-0.143706,-0.0669706,0.113603,0.026413
-0.208603,-0.0410347,-0.594834,-0.141554,-0.0915418,0.14808,0.026413
-0.20682,-0.158951,-0.664951,-0.139452,-0.108652,0.165279,0.026413
-0.219636,-0.20319,-0.748532,-0.138666,-0.124314,0.160488,0.026413
-0.297069,-0.212653,-0.809687,-0.127592,-0.118518,0.175624,0.026413
-0.382163,-0.188002,-0.860926,-0.0977906,-0.127932,0.165599,0.026413
-0.431235,-0.149501,-0.866047,-0.0682593,-0.115567,0.140327,0.026413
-0.419274,-0.117405,-0.820006,-0.0194306,-0.103973,0.111775,0.026413
-0.373573,-0.081037,-0.730106,0.0229894,-0.099445,0.0900187,0.026413
-0.320632,-0.050864,-0.668861,0.0350777,-0.102303,0.0699714,0.026413
-0.276407,0.0153486,-0.611057,0.0520056,-0.119372,0.047856,0.026413
-0.203993,0.0490649,-0.527819,0.0727065,-0.125369,0.021386,0.026413
-0.128807,0.0578603,-0.440926,0.0912489,-0.124703,-0.00405788,0.026413
-0.0855435,0.085793,-0.350171,0.101146,-0.134145,-0.0225164,0.026413
-0.10469,0.104118,-0.303404,0.0829833,-0.143679,-0.0366197,0.026413
-0.107739,0.0870056,-0.304987,0.0462981,-0.153392,-0.0790339,0.026413
-0.0353561,0.0684512,-0.320384,0.0305306,-0.156084,-0.133593,0.026413
0.0188537,0.202506,-0.309506,0.0303375,-0.15162,-0.173342,0.026413
-0.080864,0.330102,-0.275966,0.0405593,-0.150618,-0.146278,0.026413
-0.294984,0.301495,-0.296102,0.0342546,-0.174092,-0.111898,0.026413
-0.490132,0.0960803,-0.364495,0.00834276,-0.191801,-0.14349,0.026413
-0.506312,-0.0448457,-0.421517,-0.0103632,-0.17283,-0.254618,0.026413
-0.302149,0.0628521,-0.390614,-0.000420921,-0.119376,-0.380405,0.026413
-0.302149,0.0628521,-0.390614,-0.000420921,-0.119376,-0.380405,0.0528412
0.0167506,0.393685,-0.286158,0.0218929,-0.063315,-0.421345,0.0528412
0.220537,0.593219,-0.16507,0.0372503,-0.029822,-0.318371,0.0528412
0.27874,0.556854,-0.0785815,0.0369281,-0.0309771,-0.157757,0.0528412
0.393061,0.418775,0.0259281,0.0340023,-0.0176203,-0.0711331,0.0528412
0.620902,0.333163,0.137971,0.0150349,0.0249115,-0.0312884,0.0528412
0.854323,0.305764,0.244734,0.00132445,0.0617406,0.030182,0.0528412
0.979854,0.21782,0.353421,0.0114006,0.0836303,0.121653,0.0528412
0.926291,0.0315678,0.447469,0.019895,0.0956243,0.206521,0.0528412
0.74104,-0.237957,0.500051,0.0208304,0.0981767,0.254054,0.0528412
0.487378,-0.501509,0.46163,0.0015896,0.0997448,0.248792,0.0528412
0.283888,-0.626785,0.370911,-0.0242549,0.0987446,0.164687,0.0528412
0.0742287,-0.673891,0.214235,-0.0550393,0.121253,0.071887,0.0528412
-0.0948512,-0.580402,0.078612,-0.0573154,0.132212,-0.0345902,0.0528412
-0.1423,-0.413349,-0.00533219,-0.0351667,0.153324,-0.14085,0.0528412
-0.0282489,-0.0918194,0.00531843,0.0015825,0.179464,-0.225186,0.0528412
0.220982,0.249611,0.0817879,0.00929431,0.20151,-0.23246,0.0528412
0.433784,0.392592,0.130712,0.0072048,0.194159,-0.11209,0.0528412
0.491264,0.389802,0.116883,-0.00342359,0.152353,0.0513077,0.0528412
0.403986,0.304152,0.087363,-0.0210197,0.119266,0.199735,0.0528412
0.223632,0.144208,-0.0012729,-0.0370863,0.0753852,0.295148,0.0528412
-0.0112679,-0.0541945,-0.120842,-0.0400475,0.0277822,0.340793,0.0528412
-0.249508,-0.195097,-0.22899,-0.0407544,0.00517559,0.336873,0.0528412
-0.359969,-0.30126,-0.323174,-0.0370476,0.00119212,0.266532,0.0528412
-0.350018,-0.338866,-0.378982,-0.0187783,-0.00302228,0.163841,0.0528412
-0.272467,-0.352937,-0.367789,0.0209031,-0.00482658,0.0822492,0.0528412
-0.191635,-0.344653,-0.370417,0.0134198,-0.00991669,0.0244836,0.0528412
-0.184631,-0.356758,-0.411148,0.00130712,-0.0294443,0.00082922,0.0528412
-0.290985,-0.397044,-0.457563,0.00417557,-0.0522032,-0.0112489,0.0528412
-0.40503,-0.353839,-0.503297,-0.00369659,-0.0653839,-0.0619487,0.0528412
-0.485965,-0.170318,-0.556845,-0.0171422,-0.0892575,-0.145088,0.0528412
-0.604804,-0.152587,-0.61078,-0.0241921,-0.10477,-0.171779,0.0528412
-0.656028,-0.32627,-0.702724,-0.0531019,-0.0999714,-0.202017,0.0528412
-0.557671,-0.429007,-0.803128,-0.0647127,-0.0944716,-0.282707,0.0528412
-0.393729,-0.301935,-0.794853,-0.0445486,-0.0693181,-0.350912,0.0528412
-0.27886,-0.120568,-0.710149,-0.0226686,-0.034676,-0.338231,0.0528412
-0.240592,-0.0183829,-0.635345,-0.0290746,-0.0292003,-0.26317,0.0528412
-0.175892,0.0358779,-0.632511,-0.0710472,-0.032015,-0.199787,0.0528412
0.00879728,0.0758731,-0.630712,-0.101253,-0.0124511,-0.163245,0.0528412
0.296949,0.143094,-0.546054,-0.099025,0.0270741,-0.112771,0.0528412
0.598721,0.172118,-0.438712,-0.103099,0.0614358,-0.027048,0.0528412
0.78648,0.0810413,-0.388773,-0.127194,0.0674784,0.0921147,0.0528412
0.778682,-0.126495,-0.427951,-0.159034,0.0595869,0.210955,0.0528412
0.592966,-0.340396,-0.549727,-0.191084,0.051037,0.282569,0.0528412
0.304947,-0.515451,-0.72149,-0.218873,0.0616959,0.303579,0.0528412
0.00861382,-0.582896,-0.904541,-0.222764,0.0885949,0.265987,0.0528412
-0.229662,-0.489781,-1.01002,-0.183272,0.111331,0.179065,0.0528412
-0.381306,-0.263539,-1.04051,-0.141926,0.130033,0.0940689,0.0528412
-0.398718,0.014743,-0.995943,-0.11619,0.13787,0.0274696,0.0528412
-0.30806,0.101967,-0.923714,-0.0673932,0.11775,0.0184965,0.0528412
-0.195971,0.0906641,-0.82189,-0.0265549,0.0883899,0.0556163,0.0528412
-0.195971,0.0906641,-0.82189,-0.0265549,0.0883899,0.0556163,0.0819092
-0.155111,0.0557538,-0.717899,-0.00280791,0.0575793,0.114408,0.0819092
-0.203463,0.0111388,-0.628819,0.00899741,0.0112285,0.173555,0.0819092
-0.270663,-0.0357565,-0.570558,0.0129013,-0.0361075,0.198449,0.0819092
-0.312986,-0.0577204,-0.512137,0.0053823,-0.0595505,0.195404,0.0819092
-0.371646,-0.100734,-0.48862,-0.00723738,-0.0833616,0.189729,0.0819092
-0.426482,-0.0538714,-0.490413,-0.0187725,-0.118285,0.162566,0.0819092
-0.517216,-0.0232822,-0.492492,-0.0219486,-0.126691,0.156021,0.0819092
-0.546499,0.0628422,-0.462213,-0.00567428,-0.141139,0.111978,0.0819092
-0.474076,0.0978022,-0.414416,0.000832979,-0.140531,0.062318,0.0819092
-0.349802,0.114225,-0.321646,0.0362564,-0.147578,0.0253183,0.0819092
-0.204176,0.133678,-0.19512,0.0598786,-0.141323,-0.00190735,0.0819092
-0.0699114,0.145689,-0.0882405,0.065661,-0.15092,-0.0192959,0.0819092
-0.00401412,0.0851204,0.0124645,0.0633834,-0.157385,-0.0125406,0.0819092
-0.00389953,0.00270909,0.080965,0.0437264,-0.161406,-0.0365553,0.0819092
-0.00234745,0.029155,0.13411,0.0353134,-0.16127,-0.110989,0.0819092
-0.0292959,0.0437472,0.128248,0.00453582,-0.164969,-0.183421,0.0819092
-0.110558,-0.0640615,0.0796018,-0.00371115,-0.179787,-0.229468,0.0819092
-0.19092,-0.27577,-0.0353402,-0.0280964,-0.160171,-0.305765,0.0819092
-0.23901,-0.349416,-0.0926489,-0.0116123,-0.136772,-0.414239,0.0819092
-0.186429,-0.215822,-0.0436882,0.0194026,-0.0843874,-0.517853,0.0819092
0.015147,0.145849,0.0656023,0.0409107,-0.0310816,-0.577559,0.0819092
0.26303,0.506417,0.218882,0.0680068,0.00902334,-0.528708,0.0819092
0.417094,0.633418,0.371884,0.0858983,0.0206842,-0.359924,0.0819092
0.524029,0.579454,0.511368,0.0850239,0.0193704,-0.173927,0.0819092
0.665616,0.493148,0.631145,0.075267,0.0305054,-0.034655,0.0819092
0.847336,0.418487,0.756359,0.0644726,0.0545535,0.0841774,0.0819092
0.992323,0.415977,0.860017,0.0577843,0.0829735,0.192472,0.0819092
0.968819,0.428504,0.965005,0.0709441,0.101035,0.318881,0.0819092
0.706311,0.333134,1.0598,0.0945908,0.10601,0.445999,0.0819092
0.352873,0.1622,1.19304,0.136811,0.0924973,0.497624,0.0819092
0.0828647,-0.224658,1.19295,0.151637,0.062454,0.456085,0.0819092
-0.107886,-0.637562,1.12587,0.154471,0.0556447,0.358249,0.0819092
-0.211455,-0.926732,1.10186,0.179811,0.0751282,0.209467,0.0819092
-0.327249,-1.0915,1.02047,0.17049,0.109402,0.0646144,0.0819092
-0.446971,-1.01178,0.930958,0.181676,0.118725,-0.0987107,0.0819092
-0.383953,-0.605804,0.925648,0.223982,0.135768,-0.29216,0.0819092
-0.0823385,-0.0682243,1.03869,0.252182,0.1942,-0.431801,0.0819092
0.302246,0.399792,1.22274,0.25931,0.227815,-0.43944,0.0819092
0.551813,0.58174,1.35281,0.236015,0.216798,-0.291029,0.0819092
0.632828,0.602996,1.35531,0.179941,0.168603,-0.110001,0.0819092
0.570103,0.608885,1.24813,0.106752,0.130684,0.0240959,0.0819092
0.410417,0.596773,1.10168,0.071181,0.0987053,0.122853,0.0819092
0.19448,0.531537,0.957603,0.0489673,0.0869036,0.186668,0.0819092
0.00866494,0.454885,0.853511,0.0429863,0.0899263,0.207674,0.0819092
-0.0576607,0.405812,0.756718,0.0304672,0.093331,0.168647,0.0819092
-0.0804637,0.382051,0.679153,0.0254542,0.102314,0.137539,0.0819092
-0.097979,0.434079,0.651105,0.0189769,0.101564,0.110486,0.0819092
-0.14563,0.421616,0.632784,0.00908112,0.0885536,0.100788,0.0819092
-0.170857,0.392711,0.619255,0.0056019,0.0659106,0.076184,0.0819092
-0.157514,0.335007,0.618078,-0.018231,0.044459,0.0479037,0.0819092
-0.175944,0.234681,0.575623,-0.0496765,0.00616896,0.0343876,0.0819092
-0.175944,0.234681,0.575623,-0.0496765,0.00616896,0.0343876,0.0819092
-0.255748,0.144248,0.506912,-0.0803722,-0.0413421,0.0265847,0.0819092
-0.339304,0.0662026,0.415627,-0.110122,-0.0795908,0.00667876,0.0819092
-0.351708,0.104575,0.30192,-0.140536,-0.115624,-0.0536788,0.0819092
-0.274497,0.17066,0.197817,-0.158539,-0.13619,-0.0967124,0.0819092
-0.187143,0.233457,0.145315,-0.142494,-0.145934,-0.0895294,0.0819092
-0.134507,0.202513,0.132299,-0.125193,-0.155657,-0.0371027,0.0819092
-0.0920682,0.0495374,0.130756,-0.0821959,-0.191641,0.0102113,0.0819092
-0.105252,-0.180603,0.123163,-0.0491145,-0.215867,0.0339125,0.0819092
-0.302565,-0.410745,0.0476703,-0.0425813,-0.232872,0.0450807,0.0819092
-0.662503,-0.667032,-0.110604,-0.0907278,-0.229179,0.00191307,0.0819092
-0.82645,-0.811791,-0.245048,-0.113583,-0.184863,-0.163068,0.0819092
-0.545348,-0.67626,-0.316394,-0.098258,-0.113657,-0.404356,0.0819092
0.0018575,-0.249042,-0.26525,-0.0591538,-0.0355857,-0.527235,0.0819092
0.438974,0.0980242,-0.140357,-0.0231932,0.0406026,-0.444794,0.0819092
0.637675,0.208296,-0.0391029,-0.0146968,0.073844,-0.241702,0.0819092
0.729318,0.20378,0.00214634,-0.0444665,0.0956939,-0.0766577,0.0819092
0.785175,0.0996569,-0.0135268,-0.0948907,0.134135,0.0378808,0.0819092
0.775756,-0.0902999,-0.0919657,-0.135162,0.155199,0.118748,0.0819092
0.661168,-0.312035,-0.256299,-0.176064,0.154516,0.1738,0.0819092
0.437745,-0.469454,-0.466351,-0.205812,0.167002,0.197837,0.0819092
0.154073,-0.497542,-0.691528,-0.207169,0.182026,0.191646,0.0819092
-0.120843,-0.391455,-0.869352,-0.175516,0.195968,0.156899,0.0819092
-0.337911,-0.177264,-0.937251,-0.10926,0.216572,0.116441,0.0819092
-0.424537,-0.0130127,-0.901775,-0.0492265,0.226141,0.0845987,0.0819092
-0.356394,0.0259575,-0.801838,0.00571661,0.218013,0.0695312,0.0819092
-0.233416,-0.00771739,-0.687186,0.0434862,0.181317,0.0908804,0.0819092
-0.148184,-0.0479674,-0.600468,0.0545148,0.13614,0.135257,0.0819092
-0.161023,-0.0802791,-0.548532,0.0535316,0.0878769,0.18521,0.0819092
-0.24802,-0.117298,-0.52746,0.0619218,0.0362715,0.215702,0.0819092
-0.399799,-0.118341,-0.522773,0.0677004,-0.00201812,0.222405,0.0819092
-0.589859,-0.111217,-0.536263,0.0675188,-0.0347637,0.2157,0.0819092
-0.6986,-0.0733456,-0.527869,0.0743464,-0.0627227,0.152658,0.0819092
-0.672704,-0.0413138,-0.491261,0.0734814,-0.0640398,0.0581916,0.0819092
-0.54047,0.00207865,-0.436383,0.0773734,-0.0695151,-0.0234637,0.0819092
-0.386997,0.044228,-0.361084,0.0813072,-0.0742366,-0.0718125,0.0819092
-0.228903,0.118071,-0.262358,0.0885132,-0.0798048,-0.093242,0.0819092
-0.0574609,0.204872,-0.153244,0.0806044,-0.0824444,-0.103895,0.0819092
0.111549,0.256271,-0.0777467,0.0610568,-0.0921877,-0.0937505,0.0819092
0.205115,0.229334,-0.0273061,0.0503556,-0.110762,-0.0531101,0.0819092
0.229517,0.216951,0.00779898,0.0368661,-0.126969,-0.0210893,0.0819092
0.235184,0.201996,-0.00789873,0.0136246,-0.138506,-0.0137011,0.0819092
0.213913,0.19383,-0.0505975,-0.00489701,-0.146146,-0.00957972,0.0819092
0.144685,0.192357,-0.124178,-0.0251395,-0.1459,-0.00380296,0.0819092
0.0484056,0.17977,-0.212489,-0.036906,-0.136962,-0.0105184,0.0819092
-0.0184104,0.251707,-0.271861,-0.0360609,-0.11874,-0.0445346,0.0819092
0.0173021,0.429786,-0.263651,-0.0189246,-0.0905076,-0.0955267,0.0819092
0.115451,0.563332,-0.179538,0.0246588,-0.0732607,-0.102278,0.0819092
0.120618,0.454274,-0.0885568,0.0577437,-0.0735251,-0.0281018,0.0819092
0.00478393,0.204269,-0.0667499,0.0639728,-0.0948713,0.0225377,0.0819092
-0.216058,-0.0668908,-0.131827,0.0421163,-0.116048,0.0104838,0.0819092
-0.370521,-0.240859,-0.204028,0.0109403,-0.0893221,-0.093306,0.0819092
-0.29682,-0.14316,-0.220671,0.00537505,-0.0400864,-0.259758,0.0819092
-0.034888,0.208513,-0.10772,0.0560539,0.0131145,-0.368416,0.0819092
0.285524,0.573944,0.103464,0.0953542,0.0645534,-0.357005,0.0819092
0.499068,0.622997,0.296471,0.105243,0.0833931,-0.213398,0.0819092
0.602476,0.446568,0.401832,0.079287,0.0668702,-0.0576919,0.0819092
0.625939,0.243851,0.452539,0.0515343,0.0647868,0.0394722,0.0819092
0.578149,0.128661,0.495739,0.0368272,0.077458,0.0862201,0.0819092
0.503516,0.00336711,0.539281,0.0312518,0.0903492,0.107945,0.0819092
0.377599,-0.106176,0.542203,0.00866857,0.0992935,0.112148,0.0819092
0.185784,-0.194881,0.528797,-0.0111646,0.112476,0.105709,0.0819092
0.0297167,-0.246439,0.462157,-0.0409147,0.121481,0.0585457,0.0819092
-0.0770388,-0.263843,0.365573,-0.0592081,0.13219,-0.00652653,0.0819092
-0.16523,-0.20839,0.323688,-0.0395664,0.153048,-0.0609391,0.0819092
-0.138319,-0.0438958,0.344748,-0.0223212,0.179628,-0.125954,0.0819092
0.0522024,0.135758,0.428917,-0.00829631,0.196393,-0.15919,0.0819092
0.271073,0.258243,0.508224,-0.0114461,0.203814,-0.118848,0.0819092
0.322814,0.262011,0.545353,-0.0361972,0.186146,0.0177767,0.0819092
0.249191,0.211877,0.535801,-0.058547,0.146706,0.140575,0.0819092
0.109721,0.0819105,0.484951,-0.0854884,0.120198,0.222799,0.0819092
-0.0489883,-0.0569368,0.413245,-0.0995147,0.0863467,0.260603,0.0819092
-0.154417,-0.25444,0.315428,-0.117195,0.0611859,0.249981,0.0819092
-0.194653,-0.422155,0.171764,-0.141227,0.0372013,0.194346,0.0819092
-0.280352,-0.580831,0.032869,-0.138543,0.0203646,0.152391,0.0819092
-0.337733,-0.579352,-0.0896727,-0.128195,0.00901291,0.0707036,0.0819092
-0.337733,-0.579352,-0.0896727,-0.128195,0.00901291,0.0707036,0.0871887
-0.342484,-0.537366,-0.204822,-0.123518,0.0159759,-0.0112929,0.0871887
-0.256025,-0.484928,-0.278564,-0.0980893,0.0175524,-0.0968969,0.0871887
-0.133039,-0.448068,-0.316287,-0.064812,0.0304831,-0.146603,0.0871887
-0.0270753,-0.298924,-0.356571,-0.0397038,0.0226499,-0.165819,0.0871887
-0.0658442,-0.187589,-0.42234,-0.0111573,0.00106227,-0.115638,0.0871887
-0.270003,-0.215213,-0.479525,0.00481903,-0.0114041,-0.0371404,0.0871887
-0.469851,-0.331005,-0.539379,0.00924275,-0.0248234,-0.0204806,0.0871887
-0.529345,-0.368625,-0.628615,0.00510798,-0.0447921,-0.0921441,0.0871887
-0.499213,-0.287462,-0.638633,0.0100239,-0.0311147,-0.173198,0.0871887
-0.37777,-0.162848,-0.594974,0.0150282,-0.0184674,-0.220059,0.0871887
-0.17677,-0.0315059,-0.534216,0.0120253,-0.012977,-0.237751,0.0871887
0.029849,0.0814338,-0.47433,-0.00898624,-0.00183295,-0.206444,0.0871887
0.209223,0.167534,-0.418595,-0.034371,0.00430751,-0.136042,0.0871887
0.387202,0.218985,-0.375956,-0.065077,0.0126706,-0.0591186,0.0871887
0.522127,0.233262,-0.349751,-0.0962122,0.0258469,0.0311903,0.0871887
0.594087,0.207844,-0.369351,-0.13433,0.0272848,0.119691,0.0871887
0.566458,0.0943774,-0.481284,-0.18074,0.0230876,0.190261,0.0871887
0.39531,-0.110275,-0.663289,-0.211976,0.0167891,0.243633,0.0871887
0.114903,-0.28754,-0.877039,-0.234039,0.0208938,0.251361,0.0871887
-0.142814,-0.325643,-1.08399,-0.239822,0.0421001,0.198721,0.0871887
-0.33257,-0.168738,-1.24783,-0.221079,0.0698628,0.104055,0.0871887
-0.446831,0.0673353,-1.30067,-0.174423,0.0994297,0.0419855,0.0871887
-0.422637,0.227972,-1.24502,-0.122126,0.123309,0.00796479,0.0871887
-0.317472,0.292547,-1.1238,-0.0688348,0.116125,0.0155209,0.0871887
-0.254028,0.340189,-1.02813,-0.0596341,0.0835977,0.0472695,0.0871887
-0.242594,0.292017,-0.965047,-0.0737847,0.0342888,0.102626,0.0871887
-0.226208,0.0659417,-0.942408,-0.0843027,-0.0146504,0.15404,0.0871887
-0.197866,-0.0931569,-0.94037,-0.0903098,-0.0446992,0.167883,0.0871887
-0.276883,-0.126046,-0.946458,-0.0993121,-0.0579062,0.182304,0.0871887
-0.410016,-0.105814,-0.951849,-0.0968743,-0.0815421,0.188902,0.0871887
-0.524495,-0.0862963,-0.968404,-0.0880632,-0.094047,0.173224,0.0871887
-0.576491,-0.0815641,-0.945847,-0.0618889,-0.0989591,0.14524,0.0871887
-0.53105,-0.0956729,-0.870974,-0.02311,-0.0993435,0.0978438,0.0871887
-0.420374,-0.095484,-0.766852,0.0159366,-0.106865,0.0572248,0.0871887
-0.355352,-0.0459228,-0.663648,0.0387568,-0.11685,0.0457106,0.0871887
-0.405827,0.0130892,-0.585926,0.0499292,-0.135687,0.0632634,0.0871887
-0.503,-0.0113192,-0.549363,0.0510997,-0.161435,0.0637361,0.0871887
-0.494439,-0.097963,-0.497924,0.0641264,-0.176906,0.00769174,0.0871887
-0.403525,-0.240826,-0.443612,0.0636721,-0.158794,-0.0658165,0.0871887
-0.366648,-0.350266,-0.386529,0.0716475,-0.157579,-0.129092,0.0871887
-0.494521,-0.367811,-0.355829,0.0795481,-0.170412,-0.174959,0.0871887
-0.66171,-0.364322,-0.355135,0.0609623,-0.173104,-0.25697,0.0871887
-0.683137,-0.357067,-0.35892,0.0358918,-0.148952,-0.380061,0.0871887
-0.438169,-0.243546,-0.275033,0.0538865,-0.104917,-0.51295,0.0871887
-0.00367261,-0.00642093,-0.0916204,0.075675,-0.0512967,-0.579799,0.0871887
0.417981,0.201574,0.117094,0.0937178,-0.018419,-0.509452,0.0871887
0.626546,0.278068,0.265932,0.0920484,-0.0153177,-0.324811,0.0871887
0.637723,0.289494,0.367422,0.0837967,-0.0262241,-0.125915,0.0871887
0.536187,0.210432,0.454256,0.0891368,-0.0216121,0.0213377,0.0871887
0.390738,0.0579745,0.54563,0.102353,-0.0127829,0.114796,0.0871887
0.283007,-0.0751211,0.648042,0.108576,-0.000705086,0.141581,0.0871887
0.306752,-0.14114,0.773954,0.122415,0.0345397,0.113923,0.0871887
0.387234,-0.106665,0.917149,0.135369,0.0726993,0.0989727,0.0871887
0.442612,-0.0303414,1.08649,0.158283,0.0957032,0.11771,0.0871887
0.442612,-0.0303414,1.08649,0.158283,0.0957032,0.11771,0.084549
0.444898,-0.0287962,1.2538,0.183049,0.11785,0.166835,0.084549
0.395309,-0.14205,1.41352,0.205928,0.140496,0.211399,0.084549
0.266626,-0.305248,1.56687,0.236489,0.140759,0.228814,0.084549
0.0675148,-0.452816,1.73467,0.279126,0.126792,0.224706,0.084549
-0.188415,-0.509802,1.88232,0.276998,0.148693,0.183881,0.084549
-0.40536,-0.532138,1.95538,0.240946,0.142581,0.101514,0.084549
-0.424201,-0.652042,1.91927,0.199752,0.117749,-0.0333595,0.084549
-0.243294,-0.806227,1.87079,0.183216,0.117105,-0.16789,0.084549
0.0737511,-0.745995,1.84509,0.189368,0.127693,-0.279739,0.084549
0.353087,-0.31449,1.8377,0.183414,0.135882,-0.332427,0.084549
0.457984,0.168284,1.85837,0.176287,0.133846,-0.262412,0.084549
0.451012,0.40272,1.78679,0.149063,0.0965859,-0.121347,0.084549
0.41345,0.529053,1.63157,0.117305,0.0466831,-0.0135995,0.084549
0.336192,0.541505,1.45716,0.0881435,0.0236358,0.0714392,0.084549
0.298906,0.448044,1.2923,0.0823184,0.00954872,0.117299,0.084549
0.310665,0.341054,1.13619,0.0890397,0.0080552,0.124688,0.084549
0.29544,0.353817,0.996022,0.0856932,0.0131347,0.114417,0.084549
0.223466,0.429209,0.878597,0.0801504,0.015007,0.101781,0.084549
0.174646,0.502946,0.778887,0.0766287,0.00801493,0.0740523,0.084549
0.216499,0.548259,0.68582,0.0528017,0.00987333,0.0274943,0.084549
0.292406,0.532514,0.574805,0.0113713,0.0106769,-0.0106331,0.084549
0.298013,0.541004,0.45401,-0.0164643,-0.00480311,-0.0138092,0.084549
0.218143,0.61843,0.350816,-0.0472354,-0.0130671,-0.0137804,0.084549
0.138383,0.692665,0.22168,-0.0929058,-0.0301511,-0.017394,0.084549
0.0922983,0.719621,0.0859132,-0.134424,-0.0476648,-0.0190675,0.084549
0.0301741,0.700667,-0.0454321,-0.177148,-0.0612182,-0.0171668,0.084549
-0.0325445,0.661925,-0.141724,-0.201515,-0.079082,-0.00744432,0.084549
-0.026601,0.587613,-0.2298,-0.219203,-0.0990885,-0.0139541,0.084549
-0.0100186,0.474092,-0.309526,-0.235807,-0.111268,-0.00320095,0.084549
0.0013128,0.353702,-0.377873,-0.235234,-0.121569,0.0148519,0.084549
-0.0172669,0.272629,-0.464867,-0.225086,-0.140511,0.0352193,0.084549
-0.131698,0.125403,-0.536064,-0.187349,-0.149973,0.0849054,0.084549
-0.336629,-0.0807126,-0.60176,-0.158333,-0.145186,0.120244,0.084549
-0.612236,-0.306214,-0.683024,-0.128408,-0.139862,0.118732,0.084549
-0.852182,-0.442508,-0.72512,-0.0949228,-0.121676,0.0422131,0.084549
-0.886777,-0.480404,-0.698228,-0.0479353,-0.089495,-0.0969172,0.084549
-0.742637,-0.475675,-0.58505,0.00955657,-0.0460874,-0.225295,0.084549
-0.420639,-0.456453,-0.390103,0.0613331,-0.00879591,-0.323811,0.084549
0.0224763,-0.443513,-0.19822,0.0871331,0.0190328,-0.365008,0.084549
0.40391,-0.336125,-0.0373793,0.0916175,0.0392849,-0.327348,0.084549
0.618913,-0.21756,0.0963824,0.0928706,0.0471118,-0.211518,0.084549
0.713905,-0.163408,0.188767,0.0671574,0.0682722,-0.0838109,0.084549
0.769605,-0.185753,0.233874,0.0439857,0.0724441,0.0113868,0.084549
0.782836,-0.2588,0.193462,0.00489461,0.071413,0.0749794,0.084549
0.703071,-0.339967,0.0928711,-0.0243025,0.0656735,0.121417,0.084549
0.528622,-0.379039,-0.0640641,-0.0503225,0.0724519,0.144933,0.084549
0.306144,-0.354959,-0.255808,-0.0705414,0.0866511,0.143549,0.084549
0.137837,-0.224148,-0.437538,-0.0693472,0.10799,0.101834,0.084549
0.0405514,-0.0469839,-0.542152,-0.0341324,0.135018,0.0612695,0.084549
0.0223711,0.14101,-0.546429,0.0164801,0.165959,0.0429159,0.084549
0.087014,0.300562,-0.498054,0.0530917,0.179469,0.0455918,0.084549
0.117306,0.326227,-0.454545,0.0719899,0.171545,0.106231,0.084549
0.0761222,0.365627,-0.401479,0.0848793,0.14715,0.171091,0.084549
-0.0357896,0.34004,-0.376643,0.0783417,0.121476,0.231591,0.084549
-0.0357896,0.34004,-0.376643,0.0783417,0.121476,0.231591,0.084549
-0.164625,0.339191,-0.340497,0.0834332,0.0858628,0.256536,0.084549
-0.314287,0.304445,-0.295062,0.077869,0.0651741,0.266214,0.084549
-0.510857,0.281188,-0.263005,0.0647003,0.0296969,0.264421,0.084549
-0.668733,0.279889,-0.25636,0.03812,-0.00551805,0.223069,0.084549
-0.746844,0.232614,-0.247965,0.0226319,-0.0261815,0.15748,0.084549
-0.739812,0.187954,-0.165478,0.0382796,-0.0330635,0.0847515,0.084549
-0.658857,0.112171,-0.0402352,0.0473339,-0.031931,0.0215269,0.084549
-0.461368,0.129168,0.124702,0.0486691,-0.0430717,-0.0621364,0.084549
-0.218695,0.193868,0.30485,0.0440841,-0.0619009,-0.106203,0.084549
-0.0217694,0.251658,0.446512,0.00522442,-0.0815622,-0.096197,0.084549
0.0388139,0.16597,0.484019,-0.0374457,-0.121892,-0.0228921,0.084549
0.0046415,0.0766861,0.465542,-0.0621855,-0.169665,0.0230568,0.084549
-0.0511478,0.0138852,0.43128,-0.0721465,-0.185864,0.0255383,0.084549
-0.113447,-0.0144993,0.383873,-0.0749471,-0.196554,0.00692403,0.084549
-0.149069,-0.0241502,0.312353,-0.0777283,-0.204769,-0.0252166,0.084549
-0.170997,-0.0323063,0.222137,-0.0784812,-0.199379,-0.0630918,0.084549
-0.19162,-0.0163221,0.159946,-0.0602906,-0.187682,-0.0987066,0.084549
-0.177042,0.116501,0.167369,-0.0210088,-0.157002,-0.140615,0.084549
-0.142087,0.246378,0.249514,0.0380566,-0.143812,-0.15749,0.084549
-0.197621,0.22882,0.321974,0.0854361,-0.141629,-0.119847,0.084549
-0.379543,0.0394549,0.352816,0.0946319,-0.153115,-0.0921075,0.084549
-0.508902,-0.309061,0.323768,0.0850881,-0.159332,-0.16029,0.084549
-0.326913,-0.556874,0.356623,0.0955498,-0.121279,-0.346914,0.084549
0.123456,-0.502077,0.454319,0.112903,-0.0534868,-0.521581,0.084549
0.557697,-0.153048,0.612002,0.120894,0.0075223,-0.551416,0.084549
0.820678,0.179795,0.757311,0.103686,0.0446314,-0.426353,0.084549
1.00857,0.427764,0.833744,0.0780431,0.0488305,-0.226647,0.084549
1.14514,0.627455,0.869267,0.0490521,0.0653429,-0.0209944,0.084549
1.16411,0.684366,0.88398,0.0433628,0.0761963,0.192423,0.084549
1.01798,0.477075,0.869972,0.0661927,0.0695209,0.382061,0.084549
0.689504,0.0435703,0.857718,0.124326,0.0508479,0.493334,0.084549
0.2439,-0.378838,0.816722,0.16661,0.0342287,0.498368,0.084549
-0.196582,-0.691317,0.713093,0.157834,0.0463304,0.402892,0.084549
-0.53784,-0.901618,0.584248,0.15363,0.0861194,0.198785,0.084549
-0.732765,-0.983109,0.465912,0.167204,0.133272,-0.0423316,0.084549
-0.543243,-0.722815,0.498256,0.214946,0.19241,-0.368699,0.084549
-0.0342526,-0.0818828,0.674947,0.235789,0.286731,-0.59118,0.084549
0.468225,0.536344,0.955031,0.231784,0.342943,-0.569248,0.084549
0.835421,0.87286,1.13436,0.166844,0.329419,-0.382713,0.084549
0.98445,0.955032,1.07703,0.0535348,0.262602,-0.130231,0.084549
0.912622,0.905892,0.922859,-0.0223954,0.205181,0.0991223,0.084549
0.702925,0.795261,0.743918,-0.0554916,0.169192,0.269816,0.084549
0.41935,0.628816,0.566873,-0.0708066,0.141972,0.372859,0.084549
0.127784,0.455456,0.438344,-0.0605724,0.124215,0.417067,0.084549
-0.116881,0.324925,0.351274,-0.0488289,0.100623,0.400506,0.084549
-0.276047,0.26989,0.263506,-0.0584636,0.0840555,0.341609,0.084549
-0.313879,0.250305,0.170378,-0.0649931,0.0556572,0.258357,0.084549
-0.319054,0.177871,0.122869,-0.0366675,0.0281436,0.197112,0.084549
-0.271977,0.141361,0.167158,0.00481151,0.00364831,0.133128,0.084549
-0.173796,0.126412,0.237613,0.0310722,-0.0158841,0.0660241,0.084549
-0.115862,0.0624708,0.327323,0.0542408,-0.0546702,0.0377915,0.084549
-0.10705,-0.0176679,0.363209,0.0404008,-0.10911,0.0141056,0.084549
-0.175808,-0.110034,0.312438,0.0048969,-0.162533,-0.00472361,0.084549
-0.316862,-0.183351,0.1778,-0.0386177,-0.201046,-0.0358586,0.084549
-0.316862,-0.183351,0.1778,-0.0386177,-0.201046,-0.0358586,0.0713348
-0.453396,-0.150361,0.0288713,-0.0574949,-0.220268,-0.100204,0.0713348
-0.475551,0.102298,-0.0494425,-0.0465067,-0.21778,-0.203762,0.0713348
-0.39191,0.260407,-0.0357975,-0.000156082,-0.213772,-0.248818,0.0713348
-0.283699,0.186414,-0.007763,0.0411955,-0.211757,-0.229088,0.0713348
-0.284808,-0.00272898,-0.0360432,0.0382587,-0.213007,-0.199365,0.0713348
-0.250874,-0.122426,-0.0663793,0.0291207,-0.192518,-0.23426,0.0713348
-0.0542211,-0.0819695,-0.030696,0.0339578,-0.13845,-0.321069,0.0713348
0.191488,0.00348724,0.0533558,0.0423988,-0.0714763,-0.343494,0.0713348
0.394645,0.0299718,0.143205,0.0219587,-0.0178216,-0.29815,0.0713348
0.591785,0.0194708,0.162526,-0.0325698,0.0218925,-0.239862,0.0713348
0.810503,0.0335795,0.116771,-0.107889,0.0707803,-0.18417,0.0713348
0.952308,0.0517454,0.0207952,-0.173306,0.134909,-0.0908128,0.0713348
0.963261,0.0326267,-0.114439,-0.22272,0.192978,0.010577,0.0713348
0.873075,-0.00387661,-0.243085,-0.239176,0.242389,0.0891783,0.0713348
0.746944,-0.092136,-0.367103,-0.256204,0.286569,0.139454,0.0713348
0.559902,-0.196842,-0.522027,-0.272802,0.310503,0.17813,0.0713348
0.286857,-0.239552,-0.733046,-0.282279,0.30465,0.210197,0.0713348
-0.0643776,-0.162833,-0.947946,-0.262122,0.284189,0.224084,0.0713348
-0.410095,-0.017428,-1.06502,-0.202706,0.273938,0.229092,0.0713348
-0.635223,0.0414681,-1.06156,-0.1215,0.263916,0.215689,0.0713348
-0.682074,-0.00853414,-0.989306,-0.0537655,0.239437,0.179763,0.0713348
-0.627864,-0.0687291,-0.878602,-0.0129343,0.207439,0.152432,0.0713348
-0.591128,-0.0245681,-0.752696,0.0145454,0.159094,0.152477,0.0713348
-0.5774,0.0370833,-0.663212,0.0151657,0.0990497,0.163123,0.0713348
-0.615191,0.0237445,-0.605416,0.0111571,0.0443121,0.2017,0.0713348
-0.716202,-0.0052652,-0.561314,0.0127257,-0.010181,0.22659,0.0713348
-0.780405,-0.0396395,-0.515336,0.0149163,-0.0509508,0.20438,0.0713348
-0.727509,-0.0823901,-0.446115,0.0203805,-0.0720743,0.138513,0.0713348
-0.570592,-0.132178,-0.348872,0.0249489,-0.0817403,0.0729454,0.0713348
-0.363813,-0.0818285,-0.251099,0.0225979,-0.098413,0.0096274,0.0713348
-0.241049,0.0529167,-0.163741,0.0159741,-0.118136,-0.00735158,0.0713348
-0.204958,0.203873,-0.0664013,0.0275557,-0.140312,0.0122679,0.0713348
-0.238557,0.280937,0.00605049,0.0368773,-0.159772,0.0361737,0.0713348
-0.283116,0.24523,0.069199,0.0469395,-0.183697,0.030759,0.0713348
-0.271915,0.0613733,0.0821925,0.041199,-0.200245,-0.0205406,0.0713348
-0.266091,-0.251979,0.104312,0.0468889,-0.194517,-0.0889076,0.0713348
-0.248079,-0.522297,0.127576,0.0557837,-0.184276,-0.198621,0.0713348
-0.198755,-0.445805,0.077362,0.0346937,-0.169232,-0.353602,0.0713348
-0.215036,-0.119461,0.0448597,0.0175989,-0.15739,-0.462548,0.0713348
-0.236061,0.0773761,0.0581738,0.0322231,-0.132537,-0.489792,0.0713348
-0.186393,0.103401,0.0829295,0.0244216,-0.0927761,-0.497702,0.0713348
0.0104481,0.198406,0.143743,0.0219777,-0.0795954,-0.517704,0.0713348
0.408273,0.452563,0.221627,-0.00604116,-0.0490035,-0.5127,0.0713348
0.781285,0.671518,0.311376,-0.0168444,-0.0197557,-0.373543,0.0713348
0.934762,0.77452,0.428248,-0.00387621,-0.0164655,-0.132408,0.0713348
0.867204,0.699249,0.491148,-0.0179037,-0.0170346,0.0967244,0.0713348
0.659955,0.423819,0.508815,-0.0367159,-0.0291104,0.265396,0.0713348
0.466826,0.0760483,0.543893,-0.0285226,-0.0292181,0.326079,0.0713348
0.457772,-0.212774,0.587216,-0.0257235,0.0119709,0.282761,0.0713348
0.579686,-0.37135,0.629391,-0.0151535,0.0674688,0.202953,0.0713348
0.572075,-0.348414,0.66637,0.00389925,0.120955,0.168109,0.0713348
0.33448,-0.331172,0.72732,0.0285509,0.165609,0.191765,0.0713348
0.0826864,-0.487176,0.790144,0.0661457,0.184881,0.186084,0.0713348
0.0826864,-0.487176,0.790144,0.0661457,0.184881,0.186084,0.055481
-0.0391698,-0.634458,0.822871,0.0757624,0.191039,0.0926551,0.055481
-0.106202,-0.639062,0.824561,0.0683611,0.205497,-0.0183927,0.055481
-0.179212,-0.527833,0.773871,0.0543301,0.202774,-0.112168,0.055481
-0.24626,-0.464955,0.703794,0.0518028,0.19771,-0.176564,0.055481
-0.209281,-0.397051,0.634088,0.0461073,0.195751,-0.242881,0.055481
-0.0223207,-0.163924,0.578639,0.0420896,0.20565,-0.306962,0.055481
0.216904,0.191685,0.559585,0.0396706,0.216517,-0.297051,0.055481
0.356272,0.43208,0.561167,0.0313465,0.218635,-0.167174,0.055481
0.410285,0.514668,0.538532,0.0209707,0.194747,0.000266969,0.055481
0.393193,0.520804,0.464999,-0.0192067,0.175937,0.13376,0.055481
0.315653,0.419894,0.329538,-0.053242,0.145579,0.239834,0.055481
0.206297,0.264903,0.146193,-0.0805812,0.114334,0.299209,0.055481
0.0640237,0.122193,-0.0396793,-0.0907039,0.103448,0.324979,0.055481
-0.0897014,0.000599054,-0.203037,-0.0763743,0.098017,0.314869,0.055481
-0.217683,-0.0192052,-0.328421,-0.0520235,0.0919076,0.261348,0.055481
-0.319509,0.0021742,-0.403067,-0.0391287,0.101192,0.199524,0.055481
-0.427081,-0.0509287,-0.465563,-0.0283337,0.0851554,0.148656,0.055481
-0.498767,-0.111534,-0.545936,-0.0372841,0.0598948,0.0774218,0.055481
-0.531013,-0.0829333,-0.670173,-0.0654132,0.0419935,-0.0097152,0.055481
-0.582751,0.0196956,-0.771762,-0.0634903,0.0237393,-0.0652063,0.055481
-0.631467,0.111489,-0.807921,-0.0427846,0.0146265,-0.0977179,0.055481
-0.650894,0.146689,-0.752605,-0.013247,0.0119625,-0.123735,0.055481
-0.566933,0.163542,-0.691303,-0.0175265,-0.00209016,-0.15882,0.055481
-0.391117,0.199798,-0.671524,-0.0427478,-0.0392847,-0.183807,0.055481
-0.237143,0.199159,-0.643321,-0.0516642,-0.0673034,-0.151263,0.055481
-0.168964,0.105744,-0.580842,-0.040158,-0.0883301,-0.074616,0.055481
-0.11301,-0.0414892,-0.519834,-0.036998,-0.109173,-0.0203241,0.055481
-0.0210642,-0.164379,-0.489228,-0.0471852,-0.134215,-0.0166737,0.055481
0.0588531,-0.241249,-0.484769,-0.0608238,-0.14938,-0.0139073,0.055481
0.0991497,-0.277527,-0.482287,-0.0606833,-0.152449,0.00257999,0.055481
0.113425,-0.329928,-0.497908,-0.0565415,-0.156017,0.0126452,0.055481
0.152747,-0.41947,-0.515467,-0.0360523,-0.156769,0.00460565,0.055481
0.215909,-0.436396,-0.520229,-0.00566559,-0.145112,-0.0214773,0.055481
0.220254,-0.37168,-0.487541,0.0511497,-0.149065,-0.0281835,0.055481
0.0601323,-0.371868,-0.452834,0.108578,-0.164145,0.0146385,0.055481
-0.225821,-0.433211,-0.524119,0.105524,-0.187106,0.0156199,0.055481
-0.586591,-0.66194,-0.694247,0.0826444,-0.194924,-0.0270422,0.055481
-0.723869,-0.771735,-0.759991,0.114312,-0.152197,-0.195089,0.055481
-0.480336,-0.52599,-0.655836,0.165539,-0.0534653,-0.403179,0.055481
0.011766,0.0260751,-0.361073,0.219851,0.0308918,-0.512069,0.055481
0.506706,0.399526,-0.0166362,0.246603,0.0681152,-0.439392,0.055481
0.852584,0.507089,0.246363,0.214807,0.0689007,-0.231329,0.055481
1.04276,0.469166,0.40654,0.153977,0.0640719,-0.0321388,0.055481
1.1025,0.354681,0.532681,0.120732,0.0747334,0.126297,0.055481
1.05289,0.178164,0.616181,0.0795704,0.0860603,0.237038,0.055481
0.915807,-0.0635731,0.67107,0.0551549,0.0876483,0.287082,0.055481
0.72934,-0.347054,0.67225,0.0185842,0.099392,0.281677,0.055481
0.572441,-0.588718,0.559245,-0.0483602,0.115503,0.209743,0.055481
0.450476,-0.641048,0.356108,-0.0879945,0.126685,0.0915765,0.055481
0.249147,-0.347447,0.177735,-0.0863821,0.157414,0.00119919,0.055481
-0.00914207,0.137373,0.104188,-0.0606549,0.198039,-0.0531091,0.055481
-0.190018,0.496216,0.122727,-0.0195013,0.221574,-0.0722652,0.055481
-0.211952,0.505641,0.20474,0.0193853,0.221919,-0.0684261,0.055481
-0.0559164,0.463603,0.297933,0.0376055,0.197977,-0.0839437,0.055481
-0.0559164,0.463603,0.297933,0.0376055,0.197977,-0.0839437,0.0502014
0.0857388,0.436914,0.372439,0.0249557,0.188254,-0.0539733,0.0502014
0.0899106,0.437075,0.431497,0.0239593,0.144789,0.0262528,0.0502014
-0.0150088,0.488524,0.473681,0.0229195,0.108391,0.0953147,0.0502014
-0.136031,0.561903,0.52712,0.0174294,0.0857908,0.131476,0.0502014
-0.211002,0.545098,0.575765,0.0107751,0.0533332,0.146357,0.0502014
-0.229976,0.476496,0.611474,0.0052308,0.023709,0.139608,0.0502014
-0.227969,0.430699,0.641923,0.00934319,0.00887275,0.113978,0.0502014
-0.249814,0.420414,0.700521,0.0231238,0.00523108,0.0799294,0.0502014
-0.25651,0.468607,0.83213,0.0503884,0.0193863,0.0372731,0.0502014
-0.251027,0.505502,0.983421,0.0640053,0.034972,-0.00361133,0.0502014
-0.251229,0.509232,1.0692,0.032037,0.0284811,-0.0355523,0.0502014
-0.225746,0.355619,1.0913,0.00564678,0.00585383,-0.0565919,0.0502014
-0.143892,0.150533,1.11422,-0.00858689,0.0154606,-0.104555,0.0502014
-0.0614571,0.03507,1.1615,-0.0118085,0.0442518,-0.160119,0.0502014
0.00628512,0.146636,1.19466,-0.0269794,0.0556273,-0.202081,0.0502014
0.0515532,0.295653,1.18522,-0.0524784,0.0557866,-0.20989,0.0502014
0.114649,0.360252,1.1519,-0.0703644,0.0501934,-0.187145,0.0502014
0.194406,0.319014,1.07943,-0.0821318,0.0446506,-0.142751,0.0502014
0.252548,0.227081,1.00165,-0.0842326,0.0469756,-0.0990252,0.0502014
0.319535,0.231093,0.938918,-0.0851531,0.0620504,-0.0817407,0.0502014
0.363228,0.306615,0.861929,-0.0887619,0.0760844,-0.0477378,0.0502014
0.324942,0.351496,0.758766,-0.0926419,0.0759353,0.025837,0.0502014
0.242656,0.318447,0.653087,-0.0794282,0.0757137,0.0970487,0.0502014
0.161731,0.234599,0.576138,-0.0541348,0.0871581,0.137942,0.0502014
0.0613344,0.159894,0.49355,-0.0330095,0.088385,0.155783,0.0502014
-0.056057,0.145821,0.408674,-0.0147234,0.0835365,0.149468,0.0502014
-0.158363,0.157008,0.349201,0.0127236,0.083739,0.124186,0.0502014
-0.246377,0.134587,0.351733,0.0552695,0.095354,0.109629,0.0502014
-0.29244,0.0824598,0.379543,0.082758,0.101447,0.07895,0.0502014
-0.30277,0.0448162,0.394772,0.0888055,0.0952074,0.0350369,0.0502014
-0.311844,0.0645592,0.422214,0.103,0.082497,-0.0070172,0.0502014
-0.32459,0.152361,0.462582,0.111655,0.0787078,-0.039853,0.0502014
-0.321555,0.254839,0.497344,0.107437,0.0679022,-0.0627487,0.0502014
-0.285853,0.297191,0.521319,0.0971522,0.0576695,-0.0687816,0.0502014
-0.244545,0.255541,0.556853,0.097559,0.0529168,-0.0576071,0.0502014
-0.203846,0.197598,0.592061,0.093354,0.0412406,-0.0475512,0.0502014
-0.139676,0.167304,0.59572,0.0776462,0.0308699,-0.0497614,0.0502014
-0.109895,0.180173,0.602985,0.0650277,0.0318998,-0.0464981,0.0502014
-0.116993,0.167926,0.631927,0.0576539,0.0396178,-0.025681,0.0502014
-0.105843,0.144617,0.626588,0.0378941,0.0381459,-0.0246466,0.0502014
-0.0680426,0.136512,0.591952,0.010176,0.0372722,-0.0451033,0.0502014
-0.0313881,0.140824,0.558373,-0.00517242,0.0354042,-0.0578315,0.0502014
0.0112443,0.16553,0.521489,-0.025638,0.03831,-0.061929,0.0502014
0.0609023,0.151942,0.490281,-0.0341378,0.0386733,-0.0464935,0.0502014
0.07191,0.144184,0.434158,-0.0423092,0.0288389,-0.0208176,0.0502014
-0.0131557,0.161804,0.341607,-0.0612642,0.0158408,0.0152171,0.0502014
-0.124656,0.170055,0.263461,-0.0611446,-0.00124121,0.0429159,0.0502014
-0.179625,0.157972,0.178688,-0.0616278,2.28286e-05,0.0363781,0.0502014
-0.16309,0.135603,0.129087,-0.0469006,0.00122935,0.0111039,0.0502014
-0.149092,0.112525,0.0994687,-0.0339266,0.00515565,0.0053063,0.0502014
-0.152611,0.099804,0.0820336,-0.0185552,0.00095284,0.00447178,0.0502014
-0.15437,0.095865,0.0874013,6.22794e-05,-0.000791609,-0.000709116,0.0502014
-0.130213,0.0944893,0.111315,0.0137473,0.00198996,-0.0134236,0.0502014
-0.0839224,0.0683711,0.135986,0.0195386,0.000213921,-0.0230777,0.0502014
-0.0839224,0.0683711,0.135986,0.0195386,0.000213921,-0.0230777,0.0502014
-0.0256703,0.0366289,0.144272,0.0201075,-0.00578314,-0.0261666,0.0502014
0.028526,0.0436756,0.138652,0.00964469,-0.0133013,-0.0304596,0.0502014
0.02086,0.0553885,0.128596,0.00517353,-0.011958,-0.0156327,0.0502014
-0.000629356,0.0887524,0.116769,-0.000953488,-0.0119265,-0.00458664,0.0502014
-0.00768462,0.0726079,0.097971,-0.000983253,-0.0154752,0.00389045,0.0502014
-0.0163362,0.0243604,0.0811083,0.00600751,-0.0101561,0.0105866,0.0502014
-0.0299606,-0.016569,0.0678559,0.0103223,-0.0101728,0.013077,0.0502014
-0.0344073,-0.00514399,0.0670867,0.0140931,-0.00842112,-0.00635499,0.0502014
-0.0213597,0.00292936,0.0861356,0.025594,1.3411e-06,-0.0180275,0.0502014
0.00599182,0.0294549,0.12003,0.0355334,5.89192e-05,-0.0284637,0.0502014
0.0410283,0.074354,0.140233,0.0408261,-0.0085687,-0.0304956,0.0502014
0.0276182,0.0873826,0.13932,0.0456937,-0.020373,-0.00323528,0.0502014
-0.0351979,0.070891,0.156623,0.0720211,-0.0379814,0.0273138,0.0502014
-0.086902,0.0539207,0.17027,0.0943358,-0.0452718,0.0278094,0.0502014
-0.104652,0.0613542,0.210803,0.123004,-0.0448006,0.00862449,0.0502014
-0.0837694,0.0954813,0.301923,0.161036,-0.0357231,-0.0110573,0.0502014
-0.0581735,0.0951708,0.402672,0.188844,-0.0279422,0.00487858,0.0502014
-0.0800866,0.126234,0.535092,0.22119,-0.0267959,0.0239483,0.0502014
-0.106863,0.173987,0.6686,0.223037,-0.0177898,0.0310269,0.0502014
-0.0746968,0.178183,0.786443,0.231922,-0.0213642,0.026467,0.0502014
-0.0338074,0.178451,0.903522,0.232941,-0.0155601,0.0233994,0.0502014
-0.0366241,0.163641,1.03364,0.236554,-0.00958619,0.0402206,0.0502014
-0.0769127,0.147305,1.14865,0.234826,-0.00557974,0.0483108,0.0502014
-0.10635,0.179556,1.25989,0.228161,0.00127208,0.0358856,0.0502014
-0.108701,0.212724,1.34288,0.21121,0.00741237,0.023944,0.0502014
-0.108793,0.198954,1.42334,0.202539,0.0194206,0.0247979,0.0502014
-0.128651,0.165871,1.51542,0.198083,0.0393165,0.0278448,0.0502014
-0.136251,0.176622,1.57932,0.177846,0.0486981,0.00969023,0.0502014
-0.134255,0.220396,1.63151,0.155873,0.0599732,-0.00902307,0.0502014
-0.140116,0.256051,1.66624,0.134781,0.0697772,-0.00492144,0.0502014
-0.136041,0.270619,1.7049,0.128793,0.0760722,0.00267267,0.0502014
-0.118743,0.248878,1.73517,0.111589,0.0866824,0.0160521,0.0502014
-0.112053,0.193388,1.73485,0.0947996,0.0850926,0.0324681,0.0502014
-0.12595,0.152328,1.72766,0.0889262,0.0840754,0.0487368,0.0502014
-0.160185,0.134272,1.73364,0.0934216,0.0906718,0.0536556,0.0502014
-0.200457,0.141415,1.72443,0.087333,0.0858388,0.053315,0.0502014
-0.223656,0.135463,1.67492,0.0739658,0.0693565,0.0389755,0.0502014
-0.230433,0.120624,1.61378,0.0684565,0.060133,0.0187901,0.0502014
-0.22926,0.116537,1.56542,0.0761209,0.052746,-0.00650012,0.0502014
-0.232228,0.121004,1.52834,0.0832359,0.0462752,-0.0319089,0.0502014
-0.229907,0.164445,1.47333,0.0742107,0.0359259,-0.057318,0.0502014
-0.218131,0.251796,1.3997,0.0661716,0.0221215,-0.0846867,0.0502014
-0.175911,0.335824,1.33705,0.0713265,0.0188735,-0.101958,0.0502014
-0.134743,0.379115,1.27527,0.0668522,0.0147143,-0.0998966,0.0502014
-0.128342,0.437417,1.24056,0.0723019,0.00774303,-0.0785685,0.0502014
-0.129203,0.504819,1.2238,0.0667608,0.00937681,-0.0600629,0.0502014
-0.113142,0.541597,1.21086,0.0570288,0.00461319,-0.0376334,0.0502014
-0.0781606,0.521041,1.17858,0.0458963,-0.00354455,-0.01174,0.0502014
-0.0498168,0.445965,1.15465,0.0437874,-0.00508764,0.0169837,0.0502014
-0.0506172,0.397555,1.16893,0.0486352,0.00980027,0.0393319,0.0502014
-0.0604882,0.395959,1.18614,0.0497863,0.0185648,0.0479695,0.0502014
-0.0665295,0.404727,1.19045,0.0497167,0.0129072,0.0496462,0.0502014
-0.0760547,0.361895,1.20764,0.0481476,0.0183188,0.0610437,0.0502014
-0.101671,0.275681,1.20168,0.0418923,0.0195234,0.0640146,0.0502014
-0.101671,0.275681,1.20168,0.0418923,0.0195234,0.0640146,0.0502014
-0.103119,0.22973,1.1922,0.0403177,0.0183974,0.0344366,0.0502014
-0.048291,0.268365,1.20194,0.0383872,0.0342121,-0.0140612,0.0502014
0.0356977,0.305067,1.23497,0.0451359,0.048172,-0.0440606,0.0502014
0.0902638,0.276346,1.24883,0.0410341,0.0540098,-0.0303867,0.0502014
0.104604,0.232538,1.22833,0.0280654,0.049676,-0.0115495,0.0502014
0.0957177,0.222333,1.20064,0.0143098,0.0508199,-0.0085485,0.0502014
0.0811471,0.197094,1.18149,0.00130158,0.0594939,-0.0158985,0.0502014
0.110907,0.177337,1.14058,-0.0249295,0.0622218,-0.046744,0.0502014
0.124822,0.202573,1.05104,-0.0531227,0.0570453,-0.0764337,0.0502014
0.106876,0.243144,1.00318,-0.0565675,0.0660743,-0.0784078,0.0502014
0.0560306,0.248635,0.956594,-0.0636133,0.078795,-0.0663601,0.0502014
-0.0522587,0.237724,0.893689,-0.0815091,0.0810553,-0.0564012,0.0502014
-0.173899,0.250092,0.826409,-0.104873,0.0846128,-0.0689437,0.0502014
-0.218747,0.287439,0.807888,-0.10229,0.0952472,-0.0985537,0.0502014
-0.0927471,0.351859,0.843201,-0.0930806,0.104285,-0.144973,0.0502014
0.100334,0.363138,0.909819,-0.0863446,0.1157,-0.124861,0.0502014
0.165423,0.32423,0.973776,-0.108592,0.101618,-0.0335506,0.0502014
0.112994,0.274217,0.947294,-0.146973,0.0529858,0.0670104,0.0502014
-0.00338276,0.229817,0.899922,-0.16698,0.0213327,0.131977,0.0502014
-0.116962,0.165646,0.830171,-0.180055,0.00635174,0.16629,0.0502014
-0.155023,0.0676424,0.775382,-0.166168,-0.0102795,0.168735,0.0502014
-0.171507,-0.0579118,0.691276,-0.15569,-0.024499,0.166314,0.0502014
-0.23499,-0.122139,0.641971,-0.122832,-0.0328375,0.166986,0.0502014
-0.336271,-0.147101,0.638897,-0.0906873,-0.029991,0.162447,0.0502014
-0.382578,-0.172232,0.666479,-0.0510503,-0.0322489,0.142525,0.0502014
-0.358563,-0.146803,0.675315,-0.0309274,-0.0452164,0.0937623,0.0502014
-0.317556,-0.121933,0.694359,-0.00737313,-0.0575682,0.062364,0.0502014
-0.256641,-0.121643,0.75468,0.0316004,-0.0693199,0.0397058,0.0502014
-0.120323,-0.132204,0.834484,0.0562195,-0.0680801,-0.00856763,0.0502014
0.0538923,-0.153397,0.93338,0.0749942,-0.066372,-0.0582166,0.0502014
0.193533,-0.180713,1.00956,0.0712346,-0.066919,-0.0862379,0.0502014
0.309757,-0.158648,0.998557,0.0416803,-0.07515,-0.119622,0.0502014
0.372867,-0.0190944,0.926536,0.00487628,-0.0912185,-0.158942,0.0502014
0.332717,0.150951,0.835831,0.00431005,-0.104003,-0.156115,0.0502014
0.178255,0.1956,0.738759,0.0289036,-0.112171,-0.124019,0.0502014
-0.0235011,0.0426342,0.628185,0.0284763,-0.103652,-0.111744,0.0502014
-0.145317,-0.110315,0.524783,0.0226291,-0.0798246,-0.179117,0.0502014
-0.156588,0.068,0.468946,0.0265375,-0.0427477,-0.269975,0.0502014
-0.0176993,0.500726,0.473401,0.04069,0.00191101,-0.299316,0.0502014
0.165734,0.949784,0.550419,0.0779854,0.0459165,-0.219388,0.0502014
0.206974,1.18555,0.723517,0.126238,0.080928,-0.00497872,0.0502014
0.199822,1.17458,0.907381,0.145114,0.0822083,0.191821,0.0502014
0.170553,0.990522,1.02029,0.146099,0.0617409,0.3336,0.0502014
0.0350556,0.784887,1.0577,0.125186,0.0633847,0.419592,0.0502014
-0.189142,0.533083,1.09015,0.14322,0.0609853,0.463441,0.0502014
-0.428942,0.0808899,1.21349,0.221976,0.065263,0.457278,0.0502014
-0.521106,-0.441465,1.47016,0.321981,0.0814459,0.368252,0.0502014
-0.495039,-0.827793,1.77128,0.364144,0.129087,0.207637,0.0502014
-0.484394,-0.952162,1.97073,0.342974,0.138506,0.0464234,0.0502014
-0.599305,-0.865325,1.97707,0.27359,0.108281,-0.0859669,0.0502014
-0.707525,-0.793257,1.87205,0.217032,0.088313,-0.235237,0.0502014
-0.511073,-0.676374,1.81593,0.247692,0.0824552,-0.442257,0.0502014
-0.102973,-0.331416,1.85906,0.279234,0.137019,-0.575458,0.0502014
0.223275,0.203571,1.94497,0.273742,0.166513,-0.551779,0.0502014
0.223275,0.203571,1.94497,0.273742,0.166513,-0.551779,0.0528412
0.403628,0.539541,1.94067,0.225543,0.160075,-0.411705,0.0528412
0.480191,0.594479,1.80854,0.184885,0.105476,-0.231811,0.0528412
0.511868,0.564964,1.64992,0.15309,0.0866712,-0.102805,0.0528412
0.491558,0.541135,1.48759,0.13236,0.0878696,-0.00636262,0.0528412
0.448643,0.527211,1.36074,0.134927,0.0852839,0.0609745,0.0528412
0.384627,0.517521,1.27063,0.131406,0.0999353,0.115193,0.0528412
0.331874,0.445797,1.20311,0.130791,0.106603,0.143592,0.0528412
0.278866,0.374303,1.13464,0.125866,0.0991543,0.153948,0.0528412
0.221754,0.300559,1.08678,0.108791,0.102439,0.150945,0.0528412
0.191221,0.262497,1.02805,0.0934526,0.0966382,0.129615,0.0528412
0.167263,0.311504,0.978063,0.0796806,0.0954875,0.102081,0.0528412
0.0811988,0.395129,0.950807,0.0759221,0.0830032,0.0927001,0.0528412
-0.071825,0.423371,0.9258,0.067839,0.0579012,0.104007,0.0528412
-0.203653,0.320564,0.911627,0.0604685,0.033382,0.0987895,0.0528412
-0.221946,0.209397,0.86635,0.0447199,0.00745744,0.0424582,0.0528412
-0.210687,0.169972,0.822831,0.0285581,-0.00152043,-0.0155084,0.0528412
-0.233817,0.160436,0.788914,0.0218709,-0.0236429,-0.0434509,0.0528412
-0.304142,0.101976,0.778474,0.0459708,-0.0430414,-0.0411919,0.0528412
-0.443056,0.0605725,0.776887,0.0612765,-0.0551163,-0.0415519,0.0528412
-0.641944,0.0508847,0.726905,0.0343943,-0.0619404,-0.0574335,0.0528412
-0.713228,0.0994432,0.689908,0.0246155,-0.0605753,-0.121055,0.0528412
-0.486245,0.267783,0.751596,0.0717726,-0.046414,-0.214459,0.0528412
-0.152037,0.376494,0.931308,0.143159,-0.0232612,-0.216325,0.0528412
0.0273207,0.213476,1.14562,0.201642,-0.0274763,-0.0984504,0.0528412
0.0129113,-0.123723,1.27833,0.195637,-0.0567068,-0.0061636,0.0528412
-0.0859692,-0.361075,1.31871,0.162132,-0.0736333,-0.023037,0.0528412
-0.113257,-0.353169,1.27612,0.0868296,-0.0664642,-0.15572,0.0528412
0.0404355,-0.0925259,1.19603,0.0218097,-0.029139,-0.305728,0.0528412
0.335341,0.205759,1.13106,-0.00210608,0.0171553,-0.386632,0.0528412
0.6445,0.458495,1.14555,-0.00731048,0.0759877,-0.351382,0.0528412
0.816045,0.531324,1.15653,-0.0125279,0.124661,-0.212741,0.0528412
0.842387,0.495382,1.12133,-0.0370277,0.133714,-0.0705367,0.0528412
0.805101,0.414833,1.0318,-0.0791344,0.147373,0.0172011,0.0528412
0.728264,0.309384,0.935958,-0.114461,0.168576,0.0663616,0.0528412
0.601311,0.281923,0.845401,-0.124693,0.180506,0.100935,0.0528412
0.4021,0.368617,0.737348,-0.140415,0.18498,0.129623,0.0528412
0.204352,0.481643,0.663255,-0.136879,0.173432,0.153151,0.0528412
0.141104,0.493434,0.608353,-0.125148,0.165216,0.151583,0.0528412
0.213311,0.458332,0.599632,-0.0943974,0.148635,0.146769,0.0528412
0.294608,0.395504,0.616681,-0.0622436,0.133148,0.170352,0.0528412
0.295227,0.34433,0.627419,-0.0345538,0.107428,0.221804,0.0528412
0.150862,0.296642,0.619669,-0.0198319,0.0748544,0.278284,0.0528412
-0.0746221,0.25841,0.579421,-0.0211497,0.0318603,0.305224,0.0528412
-0.311219,0.23239,0.523961,-0.0141015,-0.00652887,0.293059,0.0528412
-0.491286,0.212943,0.487765,-0.0159412,-0.0332406,0.23837,0.0528412
-0.53767,0.216135,0.453139,-0.0219933,-0.047786,0.152328,0.0528412
-0.5047,0.18791,0.453178,-0.00912664,-0.0569869,0.0756191,0.0528412
-0.445556,0.181429,0.501533,0.0117645,-0.0546813,0.0273873,0.0528412
-0.397239,0.203673,0.569286,0.0176284,-0.0594132,-0.0141897,0.0528412
-0.258891,0.236003,0.665681,0.0246429,-0.0707222,-0.0624754,0.0528412
-0.00918836,0.231925,0.752606,0.0179845,-0.0857714,-0.11168,0.0528412
0.210972,0.193276,0.810505,0.0103024,-0.101966,-0.106155,0.0528412
0.287751,0.146493,0.843382,-0.000683926,-0.116922,-0.0704554,0.0528412
0.287751,0.146493,0.843382,-0.000683926,-0.116922,-0.0704554,0.0607605
0.237014,0.132035,0.813809,-0.0293968,-0.132207,-0.0410045,0.0607605
0.133539,0.118838,0.745247,-0.0482295,-0.150088,-0.0443019,0.0607605
0.0728903,0.135143,0.674272,-0.0594732,-0.143476,-0.0885301,0.0607605
0.0883771,0.295579,0.588902,-0.0743443,-0.126012,-0.156914,0.0607605
0.0960366,0.379007,0.559575,-0.0392002,-0.111197,-0.172981,0.0607605
0.00239952,0.138147,0.606239,0.0313768,-0.0932218,-0.105617,0.0607605
-0.208839,-0.176484,0.610145,0.036761,-0.0750779,-0.0930764,0.0607605
-0.347517,-0.223086,0.571064,0.00579075,-0.069134,-0.208326,0.0607605
-0.247425,0.0978831,0.519461,-0.00790397,-0.0433292,-0.367998,0.0607605
0.00214283,0.575323,0.617191,0.047894,0.00144418,-0.400442,0.0607605
0.204434,0.754511,0.795266,0.104938,0.0562807,-0.267614,0.0607605
0.285594,0.584005,0.94106,0.131832,0.047312,-0.0643812,0.0607605
0.344744,0.346175,1.02264,0.12611,0.0372065,0.0666628,0.0607605
0.399481,0.226322,1.08925,0.130215,0.0485824,0.133139,0.0607605
0.394726,0.269649,1.15215,0.12974,0.0688439,0.182927,0.0607605
0.339069,0.293124,1.21394,0.147997,0.0895274,0.237942,0.0607605
0.242677,0.106619,1.26752,0.183907,0.086478,0.279944,0.0607605
0.0879783,-0.112393,1.3162,0.201558,0.0932112,0.280355,0.0607605
-0.134237,-0.297908,1.36743,0.210195,0.109171,0.257735,0.0607605
-0.290755,-0.368764,1.3589,0.20811,0.108286,0.162975,0.0607605
-0.309972,-0.317027,1.28693,0.186627,0.104538,0.0208617,0.0607605
-0.305519,-0.267439,1.17784,0.165534,0.112571,-0.0857419,0.0607605
-0.286388,-0.223963,1.16143,0.190538,0.140699,-0.152763,0.0607605
-0.0863082,-0.0536543,1.214,0.212647,0.170999,-0.236058,0.0607605
0.269777,0.328088,1.27437,0.205556,0.187876,-0.279193,0.0607605
0.48404,0.541083,1.29843,0.171916,0.180716,-0.164595,0.0607605
0.478285,0.500998,1.22026,0.146273,0.129192,0.030066,0.0607605
0.316146,0.430421,1.05873,0.0950423,0.0899925,0.148543,0.0607605
0.0603108,0.375681,0.858154,0.0535594,0.0634781,0.204942,0.0607605
-0.142879,0.377607,0.678299,0.0342213,0.0473296,0.198809,0.0607605
-0.205014,0.402473,0.547968,0.0260144,0.0605281,0.146473,0.0607605
-0.147116,0.393866,0.488136,0.0249204,0.0723831,0.0960528,0.0607605
-0.0830705,0.297607,0.459974,0.0222065,0.0678904,0.0811508,0.0607605
-0.0474542,0.207798,0.441643,0.00237426,0.0505864,0.0718377,0.0607605
-0.00671716,0.12906,0.439209,-0.0123275,0.030497,0.0569736,0.0607605
0.0607054,0.144718,0.465143,-0.0214367,0.010764,0.0303578,0.0607605
0.054849,0.153671,0.49163,-0.029423,-0.0166411,0.0438371,0.0607605
-0.0751889,0.0699905,0.484073,-0.0316482,-0.0736567,0.0853342,0.0607605
-0.246755,-0.110511,0.44573,-0.0410807,-0.12843,0.0902492,0.0607605
-0.338661,-0.296376,0.349,-0.0710372,-0.170051,0.0247883,0.0607605
-0.36582,-0.42143,0.224726,-0.0937345,-0.190959,-0.059629,0.0607605
-0.326067,-0.394282,0.134813,-0.0752896,-0.205644,-0.145102,0.0607605
-0.235413,-0.187997,0.0857414,-0.0362243,-0.203245,-0.213383,0.0607605
-0.179413,-0.0575493,0.0891669,0.0226707,-0.210593,-0.214472,0.0607605
-0.224309,-0.155479,0.0857088,0.0601467,-0.212917,-0.157574,0.0607605
-0.329429,-0.364016,0.0360585,0.0611362,-0.220602,-0.132568,0.0607605
-0.303377,-0.413642,-0.0545704,0.0318653,-0.203309,-0.209776,0.0607605
-0.125938,-0.233082,-0.132871,0.0191108,-0.159893,-0.308565,0.0607605
0.0627532,-0.0303511,-0.127493,0.0583533,-0.124059,-0.319632,0.0607605
0.214321,-0.0139554,-0.0744547,0.0917353,-0.0777102,-0.254465,0.0607605
0.30552,-0.0916221,-0.0764124,0.0771167,-0.0431608,-0.192442,0.0607605
0.429096,-0.041633,-0.145516,0.0272691,-0.00779419,-0.18687,0.0607605
0.586042,0.130078,-0.19552,-0.00295281,0.0660979,-0.182259,0.0607605
0.72483,0.262924,-0.162153,0.00173821,0.143218,-0.12637,0.0607605
0.72483,0.262924,-0.162153,0.00173821,0.143218,-0.12637,0.0607605
0.816265,0.268239,-0.121043,-0.00490943,0.196369,-0.0443102,0.0607605
0.855942,0.16605,-0.117088,-0.0320045,0.215532,0.0363593,0.0607605
0.779479,0.0569937,-0.137808,-0.0596645,0.233078,0.11112,0.0607605
0.601524,-0.0133005,-0.22357,-0.102128,0.237176,0.158142,0.0607605
0.334397,0.0387928,-0.343948,-0.120157,0.228902,0.187103,0.0607605
0.00200179,0.186295,-0.429511,-0.102633,0.219276,0.20695,0.0607605
-0.257078,0.264781,-0.41663,-0.056647,0.220452,0.206729,0.0607605
-0.303046,0.232891,-0.323721,-0.00559029,0.213722,0.172313,0.0607605
-0.177501,0.185786,-0.217936,0.0216128,0.194268,0.135953,0.0607605
-0.0346792,0.131039,-0.126069,0.0357983,0.15726,0.14733,0.0607605
-0.0143449,0.0834106,-0.072208,0.0388771,0.11194,0.20003,0.0607605
-0.129266,0.0539308,-0.0476571,0.0339612,0.0670824,0.250734,0.0607605
-0.282408,0.0199622,-0.0449203,0.0424164,0.023419,0.261293,0.0607605
-0.379688,-0.00187996,-0.0172916,0.0631176,-0.0041154,0.221695,0.0607605
-0.406215,-0.0158074,0.0246423,0.0711289,-0.0196655,0.159151,0.0607605
-0.387479,-0.00536714,0.0505538,0.0704494,-0.0405955,0.0888412,0.0607605
-0.369265,0.0407828,0.0820342,0.0597706,-0.042316,0.0318829,0.0607605
-0.354133,0.0934691,0.149902,0.0686716,-0.0490081,-0.00502628,0.0607605
-0.265948,0.147603,0.239,0.0689807,-0.0585802,-0.0505182,0.0607605
-0.0863116,0.188195,0.306963,0.0593595,-0.0761094,-0.087016,0.0607605
0.0837542,0.210514,0.354883,0.0445179,-0.0956776,-0.0903307,0.0607605
0.139252,0.188537,0.379343,0.0319594,-0.114339,-0.0444776,0.0607605
0.117417,0.14231,0.398901,0.0257765,-0.13495,-0.0019266,0.0607605
0.0987183,0.171898,0.383051,0.0082824,-0.1455,-0.00312316,0.0607605
0.0887538,0.266783,0.339155,-0.0103699,-0.151382,-0.0142403,0.0607605
0.0651492,0.328977,0.292603,-0.00841429,-0.158072,-2.72989e-05,0.0607605
0.00559108,0.319546,0.264776,0.0145708,-0.159421,0.025973,0.0607605
-0.0965152,0.292897,0.283496,0.04978,-0.146209,0.0437366,0.0607605
-0.185759,0.368601,0.315079,0.0840253,-0.154085,0.0131875,0.0607605
-0.242221,0.403897,0.409104,0.140411,-0.155432,-0.0190371,0.0607605
-0.389005,0.405436,0.504909,0.178674,-0.154017,-0.0279127,0.0607605
-0.646929,0.225358,0.544487,0.159977,-0.170354,-0.0590908,0.0607605
-0.699445,-0.108957,0.542571,0.133625,-0.169492,-0.206337,0.0607605
-0.344695,-0.262068,0.580513,0.120225,-0.106353,-0.438194,0.0607605
0.225357,0.174819,0.674479,0.111438,-0.0413639,-0.602165,0.0607605
0.61129,0.655362,0.837841,0.110906,0.0345129,-0.523556,0.0607605
0.740698,0.839726,0.994705,0.11627,0.0574367,-0.269892,0.0607605
0.827707,0.8919,1.08806,0.0835614,0.0691938,-0.056438,0.0607605
0.899631,0.791907,1.14717,0.0706768,0.0858027,0.116579,0.0607605
0.874641,0.548926,1.21001,0.0800616,0.100214,0.262701,0.0607605
0.688767,0.112795,1.27249,0.094202,0.110134,0.371513,0.0607605
0.393428,-0.407131,1.29251,0.106997,0.0942963,0.384275,0.0607605
0.0400363,-0.823448,1.22472,0.0838253,0.0871895,0.3021,0.0607605
-0.308931,-1.02934,1.05788,0.0154185,0.114707,0.112667,0.0607605
-0.52547,-0.980356,0.862593,-0.000675141,0.125922,-0.107511,0.0607605
-0.394421,-0.489378,0.707456,0.0133654,0.154526,-0.390337,0.0607605
-0.0237956,0.234279,0.752122,0.0521016,0.238956,-0.543565,0.0607605
0.353696,0.634985,0.947831,0.114449,0.299883,-0.454168,0.0607605
0.644396,0.741638,1.11158,0.106025,0.29286,-0.239809,0.0607605
0.857221,0.744828,1.10785,0.0257941,0.255143,-0.0320334,0.0607605
0.893317,0.7064,1.0083,-0.0314992,0.222896,0.163042,0.0607605
0.753817,0.588348,0.883788,-0.0543059,0.192427,0.34108,0.0607605
0.519246,0.399624,0.737918,-0.0584926,0.168082,0.458778,0.0607605
0.231358,0.195351,0.59131,-0.0419382,0.13934,0.506702,0.0607605
0.231358,0.195351,0.59131,-0.0419382,0.13934,0.506702,0.0607605
-0.0714367,-0.00541961,0.475433,-0.0255604,0.121469,0.502151,0.0607605
-0.299931,-0.123764,0.378498,-0.0207089,0.108505,0.422946,0.0607605
-0.337201,-0.156981,0.291375,-0.0118415,0.078787,0.288075,0.0607605
-0.303141,-0.154527,0.212982,0.00501771,0.0526671,0.173767,0.0607605
-0.347874,-0.0523503,0.164786,0.0252204,0.013532,0.125334,0.0607605
-0.471145,0.053448,0.115545,0.0395288,-0.0349074,0.110023,0.0607605
-0.663866,-0.0102689,0.0587589,0.0537303,-0.0876147,0.107608,0.0607605
-0.842298,-0.197766,0.00380206,0.0521018,-0.134294,0.0632934,0.0607605
-0.997801,-0.439503,-0.0820891,0.0201761,-0.16542,-0.0416437,0.0607605
-1.0741,-0.481165,-0.167421,0.00163098,-0.197321,-0.185924,0.0607605
-0.924106,-0.297529,-0.194828,-0.00065884,-0.202816,-0.36691,0.0607605
-0.541826,0.0369985,-0.0982884,0.0144827,-0.188815,-0.50811,0.0607605
-0.102717,0.220228,0.00598355,0.027754,-0.204272,-0.52175,0.0607605
0.126584,0.117828,0.066058,0.0155362,-0.223147,-0.389315,0.0607605
0.127284,-0.123683,0.0382835,-0.0291126,-0.224276,-0.236928,0.0607605
0.072823,-0.240985,-0.100319,-0.0849813,-0.237064,-0.200133,0.0607605
0.107829,-0.164645,-0.193424,-0.107992,-0.198204,-0.237202,0.0607605
0.255479,-0.113779,-0.231179,-0.0937757,-0.134025,-0.260265,0.0607605
0.424491,-0.208822,-0.260081,-0.0728582,-0.0878788,-0.237467,0.0607605
0.567039,-0.327273,-0.317162,-0.0889444,-0.0338939,-0.216118,0.0607605
0.649401,-0.355378,-0.43138,-0.135598,0.0388456,-0.204493,0.0607605
0.741363,-0.259161,-0.547133,-0.161609,0.116821,-0.206143,0.0607605
0.880204,-0.0814464,-0.621392,-0.167629,0.187966,-0.193066,0.0607605
0.983336,0.0378432,-0.626832,-0.157756,0.246489,-0.118897,0.0607605
1.00516,0.0619606,-0.646,-0.172152,0.279127,-0.00271207,0.0607605
0.876779,0.0517158,-0.740063,-0.21461,0.275911,0.11175,0.0607605
0.605832,0.00224802,-0.91744,-0.240212,0.254741,0.208199,0.0607605
0.290165,-0.0890515,-1.08943,-0.217581,0.223748,0.260005,0.0607605
0.0193188,-0.114085,-1.13482,-0.143599,0.209191,0.261474,0.0607605
-0.079237,-0.141274,-1.10357,-0.0760172,0.20515,0.209805,0.0607605
-0.0325765,-0.202144,-1.02369,-0.0147554,0.186288,0.15765,0.0607605
0.0279635,-0.27539,-0.957685,0.0236866,0.147677,0.149263,0.0607605
-0.0327305,-0.341918,-0.891758,0.0557655,0.111392,0.178015,0.0607605
-0.148342,-0.367626,-0.791074,0.0800582,0.0702795,0.190001,0.0607605
-0.186525,-0.389998,-0.695654,0.095523,0.0304334,0.161169,0.0607605
-0.156605,-0.270569,-0.638176,0.0817413,-0.00507125,0.107182,0.0607605
-0.107375,-0.133849,-0.609833,0.0611286,-0.0349804,0.073381,0.0607605
-0.0876314,-0.12145,-0.542832,0.0802777,-0.0534112,0.081645,0.0607605
-0.0955317,-0.168638,-0.440901,0.0956535,-0.0577356,0.0890455,0.0607605
-0.0733425,-0.211232,-0.378593,0.0742536,-0.0638993,0.0597344,0.0607605
0.0223754,-0.206379,-0.366532,0.0477069,-0.0781423,0.0125685,0.0607605
0.164967,-0.217088,-0.270371,0.0767698,-0.0751798,-0.0270524,0.0607605
0.35072,-0.112738,-0.109562,0.103063,-0.058344,-0.0651597,0.0607605
0.508857,-0.0547502,0.0169992,0.0985993,-0.0573683,-0.0774029,0.0607605
0.572648,0.0503707,0.0325879,0.0669462,-0.0815625,-0.0622635,0.0607605
0.530736,0.0947458,-0.0134669,0.0434407,-0.0817319,-0.0280873,0.0607605
0.436439,0.177997,0.00076629,0.0553774,-0.0728143,-0.0167047,0.0607605
0.409724,0.139265,-0.00716001,0.0669298,-0.0510796,-0.0237377,0.0607605
0.400733,0.124248,-0.0349666,0.0673822,-0.0467572,-0.0362874,0.0607605
0.326171,0.266263,-0.0494144,0.0659309,-0.0345002,-0.0255213,0.0607605
0.21942,0.479228,-0.014236,0.114598,-0.031863,-0.0221056,0.0607605
0.0602992,0.524244,0.0802302,0.182412,-0.0383288,0.0117435,0.0607605
-0.190862,0.509715,0.147271,0.180459,-0.0266268,0.021431,0.0607605
-0.323714,0.462813,0.158884,0.16731,-0.0476314,-0.0383701,0.0607605
-0.323714,0.462813,0.158884,0.16731,-0.0476314,-0.0383701,0.0449066
-0.228177,0.397869,0.170972,0.145372,-0.0361265,-0.128405,0.0449066
0.0610454,0.586017,0.234061,0.119537,0.00831503,-0.197076,0.0449066
0.258492,0.809031,0.388529,0.132673,0.056343,-0.131991,0.0449066
0.250168,0.842329,0.550763,0.149709,0.0528128,0.0145236,0.0449066
0.154013,0.701003,0.663073,0.137748,0.0432024,0.11252,0.0449066
0.0961762,0.583848,0.703322,0.107741,0.0296116,0.112722,0.0449066
0.160016,0.571563,0.723143,0.0896249,0.038232,0.0467481,0.0449066
0.239705,0.736644,0.729904,0.0783522,0.0745611,-0.0160981,0.0449066
0.195364,0.900786,0.765638,0.0876737,0.0982689,-0.00640631,0.0449066
0.0087983,0.760179,0.87097,0.141887,0.105944,0.0633096,0.0449066
-0.203555,0.4602,0.918471,0.12832,0.103616,0.0967694,0.0449066
-0.361357,0.159979,0.846113,0.0304285,0.104837,0.03461,0.0449066
-0.489691,-0.0855783,0.741103,-0.0135153,0.118507,-0.0664101,0.0449066
-0.466895,-0.0527543,0.738162,-0.00514384,0.138671,-0.226391,0.0449066
-0.22548,0.104429,0.77397,-0.0199614,0.168097,-0.343182,0.0449066
0.0624823,0.292397,0.843373,-0.026321,0.192335,-0.33337,0.0449066
0.194159,0.389908,0.909872,-0.0446692,0.206497,-0.201393,0.0449066
0.19613,0.415058,0.910364,-0.0844121,0.180639,-0.0488884,0.0449066
0.162917,0.372176,0.852209,-0.116083,0.149893,0.0566212,0.0449066
0.167978,0.42068,0.770629,-0.136402,0.12533,0.0947112,0.0449066
0.171273,0.383206,0.668101,-0.14153,0.0991913,0.133973,0.0449066
0.123442,0.250389,0.593615,-0.125488,0.0841844,0.187622,0.0449066
0.10191,0.00932379,0.529562,-0.107607,0.0768223,0.207845,0.0449066
0.104149,-0.144797,0.425667,-0.100583,0.0569411,0.173668,0.0449066
0.0730508,-0.148604,0.295303,-0.109691,0.0491572,0.134278,0.0449066
-0.0405514,-0.0649838,0.161538,-0.104879,0.0336574,0.107499,0.0449066
-0.127657,-0.0541976,0.0653599,-0.0749808,0.0280235,0.0782326,0.0449066
-0.137478,-0.0862736,0.0296039,-0.0224813,0.0333787,0.028717,0.0449066
-0.154012,-0.0949445,0.0394082,0.00653555,0.0231255,-0.00303453,0.0449066
-0.174323,-0.146729,0.0350373,0.0103304,-0.00800198,-0.0205959,0.0449066
-0.230404,-0.20509,-0.0098711,-0.0121744,-0.0303294,-0.0281532,0.0449066
-0.310459,-0.221375,-0.0866152,-0.0327478,-0.0603791,-0.0469432,0.0449066
-0.333811,-0.150959,-0.125184,-0.018639,-0.0680176,-0.0835482,0.0449066
-0.290053,-0.0700906,-0.0951757,0.0119849,-0.0718605,-0.111045,0.0449066
-0.118088,-0.116643,-0.0420329,0.0241395,-0.0745294,-0.1274,0.0449066
0.0578994,-0.17517,0.014611,0.0342236,-0.0775727,-0.127772,0.0449066
0.102743,-0.198789,0.0385744,0.0203123,-0.0953683,-0.0931591,0.0449066
0.0444243,-0.247277,-0.0220085,-0.0142687,-0.100514,-0.0637423,0.0449066
-0.0511004,-0.272083,-0.106989,-0.0368512,-0.0959119,-0.0601234,0.0449066
-0.142829,-0.27002,-0.192334,-0.0506975,-0.0762049,-0.0874055,0.0449066
-0.158975,-0.249128,-0.264815,-0.0544755,-0.0410228,-0.133044,0.0449066
-0.0851377,-0.160323,-0.259267,-0.0406878,-0.00453877,-0.15843,0.0449066
0.0672389,-0.00963788,-0.280076,-0.044859,0.0113878,-0.155476,0.0449066
0.207686,0.112592,-0.29344,-0.0470532,0.0219551,-0.104237,0.0449066
0.197326,0.12079,-0.269792,-0.0418802,0.0464416,-0.00754279,0.0449066
0.245599,-0.286777,-0.338598,-0.0295366,0.0567536,0.0820656,0.0449066
0.0462194,-0.469719,-0.373423,-0.0196201,0.0108051,0.0910015,0.0449066
-0.113894,-0.214374,-0.496935,-0.132965,0.0561308,0.00131917,0.0449066
-0.0953812,-0.11966,-0.604399,-0.136516,0.0469085,-0.0404516,0.0449066
0.00259809,-0.352993,-0.598117,-0.115391,0.0910994,-0.026613,0.0449066
0.101774,-0.443505,-0.650454,-0.132889,0.101473,-0.065102,0.0449066
